Id,Category
0000.png,08_EMPTY
0001.png,01_TUMOR
0002.png,08_EMPTY
0003.png,02_STROMA
0004.png,08_EMPTY
0005.png,08_EMPTY
0006.png,03_COMPLEX
0007.png,05_DEBRIS
0008.png,05_DEBRIS
0009.png,08_EMPTY
0010.png,07_ADIPOSE
0011.png,03_COMPLEX
0012.png,07_ADIPOSE
0013.png,03_COMPLEX
0014.png,05_DEBRIS
0015.png,07_ADIPOSE
0016.png,06_MUCOSA
0017.png,03_COMPLEX
0018.png,04_LYMPHO
0019.png,02_STROMA
0020.png,01_TUMOR
0021.png,02_STROMA
0022.png,02_STROMA
0023.png,03_COMPLEX
0024.png,07_ADIPOSE
0025.png,05_DEBRIS
0026.png,03_COMPLEX
0027.png,08_EMPTY
0028.png,05_DEBRIS
0029.png,08_EMPTY
0030.png,05_DEBRIS
0031.png,07_ADIPOSE
0032.png,01_TUMOR
0033.png,08_EMPTY
0034.png,05_DEBRIS
0035.png,02_STROMA
0036.png,06_MUCOSA
0037.png,06_MUCOSA
0038.png,02_STROMA
0039.png,01_TUMOR
0040.png,06_MUCOSA
0041.png,03_COMPLEX
0042.png,06_MUCOSA
0043.png,05_DEBRIS
0044.png,01_TUMOR
0045.png,03_COMPLEX
0046.png,02_STROMA
0047.png,06_MUCOSA
0048.png,03_COMPLEX
0049.png,04_LYMPHO
0050.png,06_MUCOSA
0051.png,07_ADIPOSE
0052.png,06_MUCOSA
0053.png,08_EMPTY
0054.png,05_DEBRIS
0055.png,05_DEBRIS
0056.png,02_STROMA
0057.png,04_LYMPHO
0058.png,07_ADIPOSE
0059.png,06_MUCOSA
0060.png,05_DEBRIS
0061.png,04_LYMPHO
0062.png,01_TUMOR
0063.png,08_EMPTY
0064.png,08_EMPTY
0065.png,06_MUCOSA
0066.png,07_ADIPOSE
0067.png,03_COMPLEX
0068.png,02_STROMA
0069.png,02_STROMA
0070.png,03_COMPLEX
0071.png,08_EMPTY
0072.png,01_TUMOR
0073.png,05_DEBRIS
0074.png,06_MUCOSA
0075.png,06_MUCOSA
0076.png,02_STROMA
0077.png,02_STROMA
0078.png,04_LYMPHO
0079.png,03_COMPLEX
0080.png,07_ADIPOSE
0081.png,07_ADIPOSE
0082.png,08_EMPTY
0083.png,03_COMPLEX
0084.png,05_DEBRIS
0085.png,01_TUMOR
0086.png,08_EMPTY
0087.png,06_MUCOSA
0088.png,03_COMPLEX
0089.png,03_COMPLEX
0090.png,07_ADIPOSE
0091.png,06_MUCOSA
0092.png,02_STROMA
0093.png,07_ADIPOSE
0094.png,05_DEBRIS
0095.png,05_DEBRIS
0096.png,01_TUMOR
0097.png,06_MUCOSA
0098.png,01_TUMOR
0099.png,04_LYMPHO
0100.png,08_EMPTY
0101.png,04_LYMPHO
0102.png,05_DEBRIS
0103.png,03_COMPLEX
0104.png,05_DEBRIS
0105.png,01_TUMOR
0106.png,06_MUCOSA
0107.png,08_EMPTY
0108.png,03_COMPLEX
0109.png,07_ADIPOSE
0110.png,01_TUMOR
0111.png,01_TUMOR
0112.png,01_TUMOR
0113.png,04_LYMPHO
0114.png,02_STROMA
0115.png,02_STROMA
0116.png,08_EMPTY
0117.png,06_MUCOSA
0118.png,04_LYMPHO
0119.png,01_TUMOR
0120.png,05_DEBRIS
0121.png,08_EMPTY
0122.png,04_LYMPHO
0123.png,06_MUCOSA
0124.png,08_EMPTY
0125.png,07_ADIPOSE
0126.png,03_COMPLEX
0127.png,05_DEBRIS
0128.png,06_MUCOSA
0129.png,01_TUMOR
0130.png,07_ADIPOSE
0131.png,04_LYMPHO
0132.png,08_EMPTY
0133.png,04_LYMPHO
0134.png,02_STROMA
0135.png,03_COMPLEX
0136.png,08_EMPTY
0137.png,08_EMPTY
0138.png,06_MUCOSA
0139.png,08_EMPTY
0140.png,08_EMPTY
0141.png,08_EMPTY
0142.png,08_EMPTY
0143.png,01_TUMOR
0144.png,06_MUCOSA
0145.png,05_DEBRIS
0146.png,02_STROMA
0147.png,08_EMPTY
0148.png,07_ADIPOSE
0149.png,05_DEBRIS
0150.png,08_EMPTY
0151.png,02_STROMA
0152.png,01_TUMOR
0153.png,02_STROMA
0154.png,04_LYMPHO
0155.png,08_EMPTY
0156.png,02_STROMA
0157.png,04_LYMPHO
0158.png,01_TUMOR
0159.png,01_TUMOR
0160.png,04_LYMPHO
0161.png,03_COMPLEX
0162.png,06_MUCOSA
0163.png,04_LYMPHO
0164.png,02_STROMA
0165.png,02_STROMA
0166.png,02_STROMA
0167.png,01_TUMOR
0168.png,05_DEBRIS
0169.png,06_MUCOSA
0170.png,07_ADIPOSE
0171.png,08_EMPTY
0172.png,06_MUCOSA
0173.png,05_DEBRIS
0174.png,02_STROMA
0175.png,02_STROMA
0176.png,01_TUMOR
0177.png,03_COMPLEX
0178.png,07_ADIPOSE
0179.png,08_EMPTY
0180.png,03_COMPLEX
0181.png,01_TUMOR
0182.png,03_COMPLEX
0183.png,06_MUCOSA
0184.png,03_COMPLEX
0185.png,02_STROMA
0186.png,03_COMPLEX
0187.png,07_ADIPOSE
0188.png,03_COMPLEX
0189.png,01_TUMOR
0190.png,07_ADIPOSE
0191.png,04_LYMPHO
0192.png,05_DEBRIS
0193.png,05_DEBRIS
0194.png,06_MUCOSA
0195.png,03_COMPLEX
0196.png,05_DEBRIS
0197.png,03_COMPLEX
0198.png,06_MUCOSA
0199.png,02_STROMA
0200.png,04_LYMPHO
0201.png,05_DEBRIS
0202.png,07_ADIPOSE
0203.png,04_LYMPHO
0204.png,08_EMPTY
0205.png,07_ADIPOSE
0206.png,03_COMPLEX
0207.png,02_STROMA
0208.png,02_STROMA
0209.png,08_EMPTY
0210.png,03_COMPLEX
0211.png,02_STROMA
0212.png,08_EMPTY
0213.png,04_LYMPHO
0214.png,06_MUCOSA
0215.png,08_EMPTY
0216.png,03_COMPLEX
0217.png,07_ADIPOSE
0218.png,05_DEBRIS
0219.png,03_COMPLEX
0220.png,07_ADIPOSE
0221.png,03_COMPLEX
0222.png,01_TUMOR
0223.png,07_ADIPOSE
0224.png,04_LYMPHO
0225.png,03_COMPLEX
0226.png,05_DEBRIS
0227.png,01_TUMOR
0228.png,05_DEBRIS
0229.png,02_STROMA
0230.png,03_COMPLEX
0231.png,08_EMPTY
0232.png,05_DEBRIS
0233.png,07_ADIPOSE
0234.png,07_ADIPOSE
0235.png,01_TUMOR
0236.png,02_STROMA
0237.png,04_LYMPHO
0238.png,03_COMPLEX
0239.png,01_TUMOR
0240.png,07_ADIPOSE
0241.png,05_DEBRIS
0242.png,02_STROMA
0243.png,07_ADIPOSE
0244.png,03_COMPLEX
0245.png,02_STROMA
0246.png,01_TUMOR
0247.png,07_ADIPOSE
0248.png,04_LYMPHO
0249.png,05_DEBRIS
0250.png,06_MUCOSA
0251.png,01_TUMOR
0252.png,06_MUCOSA
0253.png,05_DEBRIS
0254.png,05_DEBRIS
0255.png,05_DEBRIS
0256.png,06_MUCOSA
0257.png,06_MUCOSA
0258.png,01_TUMOR
0259.png,02_STROMA
0260.png,06_MUCOSA
0261.png,08_EMPTY
0262.png,04_LYMPHO
0263.png,01_TUMOR
0264.png,01_TUMOR
0265.png,06_MUCOSA
0266.png,04_LYMPHO
0267.png,01_TUMOR
0268.png,01_TUMOR
0269.png,02_STROMA
0270.png,07_ADIPOSE
0271.png,08_EMPTY
0272.png,02_STROMA
0273.png,05_DEBRIS
0274.png,04_LYMPHO
0275.png,03_COMPLEX
0276.png,07_ADIPOSE
0277.png,04_LYMPHO
0278.png,07_ADIPOSE
0279.png,03_COMPLEX
0280.png,07_ADIPOSE
0281.png,04_LYMPHO
0282.png,07_ADIPOSE
0283.png,07_ADIPOSE
0284.png,06_MUCOSA
0285.png,05_DEBRIS
0286.png,02_STROMA
0287.png,01_TUMOR
0288.png,03_COMPLEX
0289.png,06_MUCOSA
0290.png,03_COMPLEX
0291.png,02_STROMA
0292.png,07_ADIPOSE
0293.png,08_EMPTY
0294.png,08_EMPTY
0295.png,07_ADIPOSE
0296.png,01_TUMOR
0297.png,03_COMPLEX
0298.png,05_DEBRIS
0299.png,07_ADIPOSE
0300.png,07_ADIPOSE
0301.png,06_MUCOSA
0302.png,08_EMPTY
0303.png,08_EMPTY
0304.png,05_DEBRIS
0305.png,05_DEBRIS
0306.png,01_TUMOR
0307.png,02_STROMA
0308.png,02_STROMA
0309.png,07_ADIPOSE
0310.png,08_EMPTY
0311.png,02_STROMA
0312.png,07_ADIPOSE
0313.png,07_ADIPOSE
0314.png,02_STROMA
0315.png,06_MUCOSA
0316.png,04_LYMPHO
0317.png,04_LYMPHO
0318.png,05_DEBRIS
0319.png,06_MUCOSA
0320.png,05_DEBRIS
0321.png,01_TUMOR
0322.png,07_ADIPOSE
0323.png,04_LYMPHO
0324.png,05_DEBRIS
0325.png,08_EMPTY
0326.png,08_EMPTY
0327.png,02_STROMA
0328.png,08_EMPTY
0329.png,04_LYMPHO
0330.png,07_ADIPOSE
0331.png,01_TUMOR
0332.png,01_TUMOR
0333.png,03_COMPLEX
0334.png,02_STROMA
0335.png,01_TUMOR
0336.png,03_COMPLEX
0337.png,08_EMPTY
0338.png,05_DEBRIS
0339.png,07_ADIPOSE
0340.png,02_STROMA
0341.png,03_COMPLEX
0342.png,06_MUCOSA
0343.png,02_STROMA
0344.png,08_EMPTY
0345.png,05_DEBRIS
0346.png,01_TUMOR
0347.png,01_TUMOR
0348.png,05_DEBRIS
0349.png,01_TUMOR
0350.png,04_LYMPHO
0351.png,03_COMPLEX
0352.png,02_STROMA
0353.png,06_MUCOSA
0354.png,08_EMPTY
0355.png,04_LYMPHO
0356.png,08_EMPTY
0357.png,01_TUMOR
0358.png,02_STROMA
0359.png,05_DEBRIS
0360.png,01_TUMOR
0361.png,06_MUCOSA
0362.png,05_DEBRIS
0363.png,06_MUCOSA
0364.png,06_MUCOSA
0365.png,01_TUMOR
0366.png,04_LYMPHO
0367.png,07_ADIPOSE
0368.png,01_TUMOR
0369.png,03_COMPLEX
0370.png,02_STROMA
0371.png,08_EMPTY
0372.png,02_STROMA
0373.png,07_ADIPOSE
0374.png,01_TUMOR
0375.png,07_ADIPOSE
0376.png,04_LYMPHO
0377.png,04_LYMPHO
0378.png,05_DEBRIS
0379.png,01_TUMOR
0380.png,03_COMPLEX
0381.png,04_LYMPHO
0382.png,05_DEBRIS
0383.png,04_LYMPHO
0384.png,05_DEBRIS
0385.png,01_TUMOR
0386.png,03_COMPLEX
0387.png,05_DEBRIS
0388.png,04_LYMPHO
0389.png,05_DEBRIS
0390.png,08_EMPTY
0391.png,05_DEBRIS
0392.png,07_ADIPOSE
0393.png,06_MUCOSA
0394.png,02_STROMA
0395.png,02_STROMA
0396.png,06_MUCOSA
0397.png,08_EMPTY
0398.png,06_MUCOSA
0399.png,01_TUMOR
0400.png,02_STROMA
0401.png,06_MUCOSA
0402.png,01_TUMOR
0403.png,06_MUCOSA
0404.png,04_LYMPHO
0405.png,03_COMPLEX
0406.png,05_DEBRIS
0407.png,01_TUMOR
0408.png,08_EMPTY
0409.png,04_LYMPHO
0410.png,02_STROMA
0411.png,08_EMPTY
0412.png,07_ADIPOSE
0413.png,03_COMPLEX
0414.png,01_TUMOR
0415.png,03_COMPLEX
0416.png,04_LYMPHO
0417.png,05_DEBRIS
0418.png,03_COMPLEX
0419.png,08_EMPTY
0420.png,07_ADIPOSE
0421.png,04_LYMPHO
0422.png,03_COMPLEX
0423.png,01_TUMOR
0424.png,08_EMPTY
0425.png,08_EMPTY
0426.png,03_COMPLEX
0427.png,03_COMPLEX
0428.png,07_ADIPOSE
0429.png,02_STROMA
0430.png,05_DEBRIS
0431.png,08_EMPTY
0432.png,07_ADIPOSE
0433.png,06_MUCOSA
0434.png,03_COMPLEX
0435.png,07_ADIPOSE
0436.png,07_ADIPOSE
0437.png,06_MUCOSA
0438.png,08_EMPTY
0439.png,06_MUCOSA
0440.png,03_COMPLEX
0441.png,05_DEBRIS
0442.png,02_STROMA
0443.png,01_TUMOR
0444.png,05_DEBRIS
0445.png,03_COMPLEX
0446.png,02_STROMA
0447.png,07_ADIPOSE
0448.png,05_DEBRIS
0449.png,03_COMPLEX
0450.png,02_STROMA
0451.png,01_TUMOR
0452.png,07_ADIPOSE
0453.png,04_LYMPHO
0454.png,03_COMPLEX
0455.png,06_MUCOSA
0456.png,06_MUCOSA
0457.png,03_COMPLEX
0458.png,07_ADIPOSE
0459.png,05_DEBRIS
0460.png,03_COMPLEX
0461.png,02_STROMA
0462.png,08_EMPTY
0463.png,02_STROMA
0464.png,03_COMPLEX
0465.png,06_MUCOSA
0466.png,07_ADIPOSE
0467.png,06_MUCOSA
0468.png,04_LYMPHO
0469.png,07_ADIPOSE
0470.png,07_ADIPOSE
0471.png,03_COMPLEX
0472.png,04_LYMPHO
0473.png,04_LYMPHO
0474.png,05_DEBRIS
0475.png,03_COMPLEX
0476.png,01_TUMOR
0477.png,08_EMPTY
0478.png,08_EMPTY
0479.png,06_MUCOSA
0480.png,02_STROMA
0481.png,08_EMPTY
0482.png,07_ADIPOSE
0483.png,05_DEBRIS
0484.png,03_COMPLEX
0485.png,05_DEBRIS
0486.png,06_MUCOSA
0487.png,08_EMPTY
0488.png,01_TUMOR
0489.png,07_ADIPOSE
0490.png,03_COMPLEX
0491.png,08_EMPTY
0492.png,06_MUCOSA
0493.png,05_DEBRIS
0494.png,05_DEBRIS
0495.png,07_ADIPOSE
0496.png,08_EMPTY
0497.png,06_MUCOSA
0498.png,01_TUMOR
0499.png,06_MUCOSA
0500.png,08_EMPTY
0501.png,02_STROMA
0502.png,02_STROMA
0503.png,05_DEBRIS
0504.png,05_DEBRIS
0505.png,07_ADIPOSE
0506.png,05_DEBRIS
0507.png,05_DEBRIS
0508.png,06_MUCOSA
0509.png,02_STROMA
0510.png,05_DEBRIS
0511.png,05_DEBRIS
0512.png,08_EMPTY
0513.png,04_LYMPHO
0514.png,08_EMPTY
0515.png,06_MUCOSA
0516.png,05_DEBRIS
0517.png,04_LYMPHO
0518.png,05_DEBRIS
0519.png,05_DEBRIS
0520.png,06_MUCOSA
0521.png,07_ADIPOSE
0522.png,03_COMPLEX
0523.png,05_DEBRIS
0524.png,06_MUCOSA
0525.png,07_ADIPOSE
0526.png,01_TUMOR
0527.png,08_EMPTY
0528.png,04_LYMPHO
0529.png,07_ADIPOSE
0530.png,06_MUCOSA
0531.png,04_LYMPHO
0532.png,03_COMPLEX
0533.png,03_COMPLEX
0534.png,03_COMPLEX
0535.png,05_DEBRIS
0536.png,03_COMPLEX
0537.png,03_COMPLEX
0538.png,02_STROMA
0539.png,06_MUCOSA
0540.png,01_TUMOR
0541.png,03_COMPLEX
0542.png,05_DEBRIS
0543.png,07_ADIPOSE
0544.png,04_LYMPHO
0545.png,02_STROMA
0546.png,08_EMPTY
0547.png,07_ADIPOSE
0548.png,07_ADIPOSE
0549.png,04_LYMPHO
0550.png,08_EMPTY
0551.png,02_STROMA
0552.png,02_STROMA
0553.png,05_DEBRIS
0554.png,03_COMPLEX
0555.png,04_LYMPHO
0556.png,05_DEBRIS
0557.png,05_DEBRIS
0558.png,01_TUMOR
0559.png,04_LYMPHO
0560.png,02_STROMA
0561.png,07_ADIPOSE
0562.png,06_MUCOSA
0563.png,01_TUMOR
0564.png,08_EMPTY
0565.png,06_MUCOSA
0566.png,04_LYMPHO
0567.png,05_DEBRIS
0568.png,03_COMPLEX
0569.png,02_STROMA
0570.png,01_TUMOR
0571.png,05_DEBRIS
0572.png,02_STROMA
0573.png,06_MUCOSA
0574.png,03_COMPLEX
0575.png,07_ADIPOSE
0576.png,02_STROMA
0577.png,08_EMPTY
0578.png,02_STROMA
0579.png,07_ADIPOSE
0580.png,08_EMPTY
0581.png,08_EMPTY
0582.png,02_STROMA
0583.png,03_COMPLEX
0584.png,01_TUMOR
0585.png,01_TUMOR
0586.png,08_EMPTY
0587.png,08_EMPTY
0588.png,08_EMPTY
0589.png,08_EMPTY
0590.png,03_COMPLEX
0591.png,02_STROMA
0592.png,02_STROMA
0593.png,05_DEBRIS
0594.png,02_STROMA
0595.png,04_LYMPHO
0596.png,02_STROMA
0597.png,02_STROMA
0598.png,07_ADIPOSE
0599.png,06_MUCOSA
0600.png,02_STROMA
0601.png,03_COMPLEX
0602.png,01_TUMOR
0603.png,06_MUCOSA
0604.png,05_DEBRIS
0605.png,03_COMPLEX
0606.png,03_COMPLEX
0607.png,01_TUMOR
0608.png,01_TUMOR
0609.png,07_ADIPOSE
0610.png,06_MUCOSA
0611.png,05_DEBRIS
0612.png,02_STROMA
0613.png,02_STROMA
0614.png,07_ADIPOSE
0615.png,07_ADIPOSE
0616.png,06_MUCOSA
0617.png,01_TUMOR
0618.png,01_TUMOR
0619.png,06_MUCOSA
0620.png,08_EMPTY
0621.png,06_MUCOSA
0622.png,01_TUMOR
0623.png,01_TUMOR
0624.png,06_MUCOSA
0625.png,05_DEBRIS
0626.png,04_LYMPHO
0627.png,03_COMPLEX
0628.png,07_ADIPOSE
0629.png,06_MUCOSA
0630.png,08_EMPTY
0631.png,05_DEBRIS
0632.png,08_EMPTY
0633.png,05_DEBRIS
0634.png,04_LYMPHO
0635.png,03_COMPLEX
0636.png,05_DEBRIS
0637.png,05_DEBRIS
0638.png,08_EMPTY
0639.png,02_STROMA
0640.png,02_STROMA
0641.png,03_COMPLEX
0642.png,07_ADIPOSE
0643.png,06_MUCOSA
0644.png,03_COMPLEX
0645.png,03_COMPLEX
0646.png,02_STROMA
0647.png,04_LYMPHO
0648.png,02_STROMA
0649.png,05_DEBRIS
0650.png,02_STROMA
0651.png,01_TUMOR
0652.png,05_DEBRIS
0653.png,03_COMPLEX
0654.png,02_STROMA
0655.png,06_MUCOSA
0656.png,07_ADIPOSE
0657.png,03_COMPLEX
0658.png,02_STROMA
0659.png,05_DEBRIS
0660.png,07_ADIPOSE
0661.png,04_LYMPHO
0662.png,04_LYMPHO
0663.png,06_MUCOSA
0664.png,01_TUMOR
0665.png,08_EMPTY
0666.png,06_MUCOSA
0667.png,07_ADIPOSE
0668.png,01_TUMOR
0669.png,08_EMPTY
0670.png,08_EMPTY
0671.png,06_MUCOSA
0672.png,06_MUCOSA
0673.png,07_ADIPOSE
0674.png,04_LYMPHO
0675.png,08_EMPTY
0676.png,03_COMPLEX
0677.png,08_EMPTY
0678.png,05_DEBRIS
0679.png,08_EMPTY
0680.png,07_ADIPOSE
0681.png,02_STROMA
0682.png,06_MUCOSA
0683.png,07_ADIPOSE
0684.png,07_ADIPOSE
0685.png,02_STROMA
0686.png,08_EMPTY
0687.png,07_ADIPOSE
0688.png,04_LYMPHO
0689.png,08_EMPTY
0690.png,08_EMPTY
0691.png,01_TUMOR
0692.png,03_COMPLEX
0693.png,08_EMPTY
0694.png,03_COMPLEX
0695.png,01_TUMOR
0696.png,04_LYMPHO
0697.png,02_STROMA
0698.png,06_MUCOSA
0699.png,03_COMPLEX
0700.png,07_ADIPOSE
0701.png,05_DEBRIS
0702.png,05_DEBRIS
0703.png,08_EMPTY
0704.png,06_MUCOSA
0705.png,08_EMPTY
0706.png,01_TUMOR
0707.png,05_DEBRIS
0708.png,05_DEBRIS
0709.png,07_ADIPOSE
0710.png,08_EMPTY
0711.png,05_DEBRIS
0712.png,04_LYMPHO
0713.png,03_COMPLEX
0714.png,04_LYMPHO
0715.png,08_EMPTY
0716.png,02_STROMA
0717.png,01_TUMOR
0718.png,06_MUCOSA
0719.png,07_ADIPOSE
0720.png,05_DEBRIS
0721.png,05_DEBRIS
0722.png,06_MUCOSA
0723.png,04_LYMPHO
0724.png,03_COMPLEX
0725.png,06_MUCOSA
0726.png,05_DEBRIS
0727.png,02_STROMA
0728.png,06_MUCOSA
0729.png,07_ADIPOSE
0730.png,07_ADIPOSE
0731.png,03_COMPLEX
0732.png,02_STROMA
0733.png,02_STROMA
0734.png,03_COMPLEX
0735.png,02_STROMA
0736.png,04_LYMPHO
0737.png,06_MUCOSA
0738.png,08_EMPTY
0739.png,02_STROMA
0740.png,03_COMPLEX
0741.png,06_MUCOSA
0742.png,04_LYMPHO
0743.png,05_DEBRIS
0744.png,02_STROMA
0745.png,07_ADIPOSE
0746.png,07_ADIPOSE
0747.png,06_MUCOSA
0748.png,02_STROMA
0749.png,06_MUCOSA
0750.png,01_TUMOR
0751.png,05_DEBRIS
0752.png,05_DEBRIS
0753.png,07_ADIPOSE
0754.png,08_EMPTY
0755.png,04_LYMPHO
0756.png,08_EMPTY
0757.png,04_LYMPHO
0758.png,06_MUCOSA
0759.png,02_STROMA
0760.png,02_STROMA
0761.png,01_TUMOR
0762.png,03_COMPLEX
0763.png,08_EMPTY
0764.png,03_COMPLEX
0765.png,06_MUCOSA
0766.png,01_TUMOR
0767.png,04_LYMPHO
0768.png,04_LYMPHO
0769.png,08_EMPTY
0770.png,07_ADIPOSE
0771.png,07_ADIPOSE
0772.png,05_DEBRIS
0773.png,06_MUCOSA
0774.png,05_DEBRIS
0775.png,02_STROMA
0776.png,01_TUMOR
0777.png,02_STROMA
0778.png,07_ADIPOSE
0779.png,07_ADIPOSE
0780.png,07_ADIPOSE
0781.png,01_TUMOR
0782.png,07_ADIPOSE
0783.png,08_EMPTY
0784.png,01_TUMOR
0785.png,06_MUCOSA
0786.png,02_STROMA
0787.png,05_DEBRIS
0788.png,03_COMPLEX
0789.png,05_DEBRIS
0790.png,03_COMPLEX
0791.png,07_ADIPOSE
0792.png,03_COMPLEX
0793.png,08_EMPTY
0794.png,03_COMPLEX
0795.png,07_ADIPOSE
0796.png,07_ADIPOSE
0797.png,05_DEBRIS
0798.png,06_MUCOSA
0799.png,01_TUMOR
0800.png,03_COMPLEX
0801.png,05_DEBRIS
0802.png,08_EMPTY
0803.png,02_STROMA
0804.png,03_COMPLEX
0805.png,02_STROMA
0806.png,07_ADIPOSE
0807.png,02_STROMA
0808.png,04_LYMPHO
0809.png,07_ADIPOSE
0810.png,03_COMPLEX
0811.png,08_EMPTY
0812.png,02_STROMA
0813.png,02_STROMA
0814.png,04_LYMPHO
0815.png,03_COMPLEX
0816.png,01_TUMOR
0817.png,03_COMPLEX
0818.png,02_STROMA
0819.png,04_LYMPHO
0820.png,08_EMPTY
0821.png,03_COMPLEX
0822.png,07_ADIPOSE
0823.png,05_DEBRIS
0824.png,06_MUCOSA
0825.png,02_STROMA
0826.png,03_COMPLEX
0827.png,01_TUMOR
0828.png,05_DEBRIS
0829.png,03_COMPLEX
0830.png,04_LYMPHO
0831.png,04_LYMPHO
0832.png,07_ADIPOSE
0833.png,05_DEBRIS
0834.png,05_DEBRIS
0835.png,07_ADIPOSE
0836.png,04_LYMPHO
0837.png,07_ADIPOSE
0838.png,06_MUCOSA
0839.png,08_EMPTY
0840.png,02_STROMA
0841.png,06_MUCOSA
0842.png,06_MUCOSA
0843.png,01_TUMOR
0844.png,06_MUCOSA
0845.png,02_STROMA
0846.png,01_TUMOR
0847.png,03_COMPLEX
0848.png,04_LYMPHO
0849.png,03_COMPLEX
0850.png,02_STROMA
0851.png,04_LYMPHO
0852.png,07_ADIPOSE
0853.png,04_LYMPHO
0854.png,05_DEBRIS
0855.png,07_ADIPOSE
0856.png,04_LYMPHO
0857.png,04_LYMPHO
0858.png,04_LYMPHO
0859.png,04_LYMPHO
0860.png,07_ADIPOSE
0861.png,07_ADIPOSE
0862.png,08_EMPTY
0863.png,08_EMPTY
0864.png,06_MUCOSA
0865.png,07_ADIPOSE
0866.png,01_TUMOR
0867.png,08_EMPTY
0868.png,05_DEBRIS
0869.png,05_DEBRIS
0870.png,06_MUCOSA
0871.png,04_LYMPHO
0872.png,07_ADIPOSE
0873.png,02_STROMA
0874.png,08_EMPTY
0875.png,01_TUMOR
0876.png,05_DEBRIS
0877.png,04_LYMPHO
0878.png,08_EMPTY
0879.png,05_DEBRIS
0880.png,04_LYMPHO
0881.png,05_DEBRIS
0882.png,03_COMPLEX
0883.png,08_EMPTY
0884.png,04_LYMPHO
0885.png,01_TUMOR
0886.png,06_MUCOSA
0887.png,04_LYMPHO
0888.png,06_MUCOSA
0889.png,05_DEBRIS
0890.png,07_ADIPOSE
0891.png,06_MUCOSA
0892.png,04_LYMPHO
0893.png,08_EMPTY
0894.png,02_STROMA
0895.png,06_MUCOSA
0896.png,03_COMPLEX
0897.png,05_DEBRIS
0898.png,03_COMPLEX
0899.png,07_ADIPOSE
0900.png,06_MUCOSA
0901.png,02_STROMA
0902.png,04_LYMPHO
0903.png,07_ADIPOSE
0904.png,03_COMPLEX
0905.png,04_LYMPHO
0906.png,07_ADIPOSE
0907.png,06_MUCOSA
0908.png,01_TUMOR
0909.png,08_EMPTY
0910.png,01_TUMOR
0911.png,02_STROMA
0912.png,05_DEBRIS
0913.png,07_ADIPOSE
0914.png,03_COMPLEX
0915.png,07_ADIPOSE
0916.png,06_MUCOSA
0917.png,05_DEBRIS
0918.png,02_STROMA
0919.png,02_STROMA
0920.png,03_COMPLEX
0921.png,01_TUMOR
0922.png,04_LYMPHO
0923.png,03_COMPLEX
0924.png,08_EMPTY
0925.png,01_TUMOR
0926.png,06_MUCOSA
0927.png,03_COMPLEX
0928.png,06_MUCOSA
0929.png,06_MUCOSA
0930.png,01_TUMOR
0931.png,02_STROMA
0932.png,01_TUMOR
0933.png,01_TUMOR
0934.png,03_COMPLEX
0935.png,05_DEBRIS
0936.png,01_TUMOR
0937.png,01_TUMOR
0938.png,01_TUMOR
0939.png,03_COMPLEX
0940.png,01_TUMOR
0941.png,05_DEBRIS
0942.png,02_STROMA
0943.png,04_LYMPHO
0944.png,03_COMPLEX
0945.png,08_EMPTY
0946.png,02_STROMA
0947.png,01_TUMOR
0948.png,06_MUCOSA
0949.png,04_LYMPHO
0950.png,06_MUCOSA
0951.png,06_MUCOSA
0952.png,06_MUCOSA
0953.png,05_DEBRIS
0954.png,06_MUCOSA
0955.png,07_ADIPOSE
0956.png,03_COMPLEX
0957.png,03_COMPLEX
0958.png,01_TUMOR
0959.png,05_DEBRIS
0960.png,08_EMPTY
0961.png,01_TUMOR
0962.png,07_ADIPOSE
0963.png,04_LYMPHO
0964.png,07_ADIPOSE
0965.png,08_EMPTY
0966.png,04_LYMPHO
0967.png,03_COMPLEX
0968.png,04_LYMPHO
0969.png,01_TUMOR
0970.png,02_STROMA
0971.png,04_LYMPHO
0972.png,01_TUMOR
0973.png,03_COMPLEX
0974.png,07_ADIPOSE
0975.png,01_TUMOR
0976.png,08_EMPTY
0977.png,04_LYMPHO
0978.png,01_TUMOR
0979.png,06_MUCOSA
0980.png,01_TUMOR
0981.png,03_COMPLEX
0982.png,01_TUMOR
0983.png,07_ADIPOSE
0984.png,03_COMPLEX
0985.png,07_ADIPOSE
0986.png,06_MUCOSA
0987.png,04_LYMPHO
0988.png,05_DEBRIS
0989.png,08_EMPTY
0990.png,04_LYMPHO
0991.png,03_COMPLEX
0992.png,01_TUMOR
0993.png,03_COMPLEX
0994.png,03_COMPLEX
0995.png,05_DEBRIS
0996.png,02_STROMA
0997.png,01_TUMOR
0998.png,05_DEBRIS
0999.png,07_ADIPOSE
1000.png,04_LYMPHO
1001.png,06_MUCOSA
1002.png,01_TUMOR
1003.png,05_DEBRIS
1004.png,03_COMPLEX
1005.png,02_STROMA
1006.png,02_STROMA
1007.png,02_STROMA
1008.png,05_DEBRIS
1009.png,08_EMPTY
1010.png,04_LYMPHO
1011.png,05_DEBRIS
1012.png,06_MUCOSA
1013.png,05_DEBRIS
1014.png,01_TUMOR
1015.png,06_MUCOSA
1016.png,08_EMPTY
1017.png,03_COMPLEX
1018.png,08_EMPTY
1019.png,01_TUMOR
1020.png,06_MUCOSA
1021.png,01_TUMOR
1022.png,05_DEBRIS
1023.png,01_TUMOR
1024.png,05_DEBRIS
1025.png,06_MUCOSA
1026.png,08_EMPTY
1027.png,01_TUMOR
1028.png,07_ADIPOSE
1029.png,04_LYMPHO
1030.png,04_LYMPHO
1031.png,01_TUMOR
1032.png,02_STROMA
1033.png,03_COMPLEX
1034.png,03_COMPLEX
1035.png,01_TUMOR
1036.png,08_EMPTY
1037.png,04_LYMPHO
1038.png,05_DEBRIS
1039.png,07_ADIPOSE
1040.png,06_MUCOSA
1041.png,02_STROMA
1042.png,05_DEBRIS
1043.png,08_EMPTY
1044.png,04_LYMPHO
1045.png,05_DEBRIS
1046.png,06_MUCOSA
1047.png,01_TUMOR
1048.png,03_COMPLEX
1049.png,07_ADIPOSE
1050.png,01_TUMOR
1051.png,06_MUCOSA
1052.png,08_EMPTY
1053.png,03_COMPLEX
1054.png,08_EMPTY
1055.png,08_EMPTY
1056.png,05_DEBRIS
1057.png,02_STROMA
1058.png,06_MUCOSA
1059.png,08_EMPTY
1060.png,02_STROMA
1061.png,08_EMPTY
1062.png,06_MUCOSA
1063.png,02_STROMA
1064.png,03_COMPLEX
1065.png,07_ADIPOSE
1066.png,01_TUMOR
1067.png,04_LYMPHO
1068.png,07_ADIPOSE
1069.png,07_ADIPOSE
1070.png,01_TUMOR
1071.png,06_MUCOSA
1072.png,08_EMPTY
1073.png,03_COMPLEX
1074.png,01_TUMOR
1075.png,05_DEBRIS
1076.png,02_STROMA
1077.png,06_MUCOSA
1078.png,01_TUMOR
1079.png,01_TUMOR
1080.png,08_EMPTY
1081.png,02_STROMA
1082.png,03_COMPLEX
1083.png,02_STROMA
1084.png,07_ADIPOSE
1085.png,05_DEBRIS
1086.png,02_STROMA
1087.png,07_ADIPOSE
1088.png,02_STROMA
1089.png,05_DEBRIS
1090.png,02_STROMA
1091.png,03_COMPLEX
1092.png,04_LYMPHO
1093.png,05_DEBRIS
1094.png,07_ADIPOSE
1095.png,08_EMPTY
1096.png,01_TUMOR
1097.png,01_TUMOR
1098.png,08_EMPTY
1099.png,05_DEBRIS
1100.png,03_COMPLEX
1101.png,06_MUCOSA
1102.png,03_COMPLEX
1103.png,02_STROMA
1104.png,04_LYMPHO
1105.png,03_COMPLEX
1106.png,07_ADIPOSE
1107.png,06_MUCOSA
1108.png,01_TUMOR
1109.png,06_MUCOSA
1110.png,06_MUCOSA
1111.png,07_ADIPOSE
1112.png,01_TUMOR
1113.png,07_ADIPOSE
1114.png,03_COMPLEX
1115.png,03_COMPLEX
1116.png,07_ADIPOSE
1117.png,02_STROMA
1118.png,04_LYMPHO
1119.png,05_DEBRIS
1120.png,01_TUMOR
1121.png,08_EMPTY
1122.png,08_EMPTY
1123.png,04_LYMPHO
1124.png,07_ADIPOSE
1125.png,07_ADIPOSE
1126.png,06_MUCOSA
1127.png,02_STROMA
1128.png,05_DEBRIS
1129.png,02_STROMA
1130.png,06_MUCOSA
1131.png,03_COMPLEX
1132.png,04_LYMPHO
1133.png,06_MUCOSA
1134.png,05_DEBRIS
1135.png,02_STROMA
1136.png,01_TUMOR
1137.png,07_ADIPOSE
1138.png,03_COMPLEX
1139.png,07_ADIPOSE
1140.png,08_EMPTY
1141.png,04_LYMPHO
1142.png,01_TUMOR
1143.png,04_LYMPHO
1144.png,06_MUCOSA
1145.png,03_COMPLEX
1146.png,03_COMPLEX
1147.png,01_TUMOR
1148.png,02_STROMA
1149.png,05_DEBRIS
1150.png,01_TUMOR
1151.png,06_MUCOSA
1152.png,08_EMPTY
1153.png,06_MUCOSA
1154.png,05_DEBRIS
1155.png,04_LYMPHO
1156.png,03_COMPLEX
1157.png,03_COMPLEX
1158.png,04_LYMPHO
1159.png,03_COMPLEX
1160.png,07_ADIPOSE
1161.png,07_ADIPOSE
1162.png,06_MUCOSA
1163.png,07_ADIPOSE
1164.png,01_TUMOR
1165.png,04_LYMPHO
1166.png,08_EMPTY
1167.png,07_ADIPOSE
1168.png,06_MUCOSA
1169.png,07_ADIPOSE
1170.png,01_TUMOR
1171.png,08_EMPTY
1172.png,02_STROMA
1173.png,04_LYMPHO
1174.png,08_EMPTY
1175.png,03_COMPLEX
1176.png,01_TUMOR
1177.png,05_DEBRIS
1178.png,04_LYMPHO
1179.png,08_EMPTY
1180.png,03_COMPLEX
1181.png,03_COMPLEX
1182.png,02_STROMA
1183.png,05_DEBRIS
1184.png,06_MUCOSA
1185.png,07_ADIPOSE
1186.png,04_LYMPHO
1187.png,07_ADIPOSE
1188.png,06_MUCOSA
1189.png,07_ADIPOSE
1190.png,07_ADIPOSE
1191.png,03_COMPLEX
1192.png,08_EMPTY
1193.png,05_DEBRIS
1194.png,07_ADIPOSE
1195.png,04_LYMPHO
1196.png,02_STROMA
1197.png,03_COMPLEX
1198.png,08_EMPTY
1199.png,04_LYMPHO
1200.png,02_STROMA
1201.png,07_ADIPOSE
1202.png,02_STROMA
1203.png,02_STROMA
1204.png,06_MUCOSA
1205.png,05_DEBRIS
1206.png,06_MUCOSA
1207.png,02_STROMA
1208.png,05_DEBRIS
1209.png,07_ADIPOSE
1210.png,01_TUMOR
1211.png,01_TUMOR
1212.png,04_LYMPHO
1213.png,05_DEBRIS
1214.png,07_ADIPOSE
1215.png,06_MUCOSA
1216.png,08_EMPTY
1217.png,01_TUMOR
1218.png,01_TUMOR
1219.png,04_LYMPHO
1220.png,06_MUCOSA
1221.png,05_DEBRIS
1222.png,05_DEBRIS
1223.png,01_TUMOR
1224.png,05_DEBRIS
1225.png,05_DEBRIS
1226.png,07_ADIPOSE
1227.png,01_TUMOR
1228.png,01_TUMOR
1229.png,06_MUCOSA
1230.png,06_MUCOSA
1231.png,05_DEBRIS
1232.png,01_TUMOR
1233.png,01_TUMOR
1234.png,05_DEBRIS
1235.png,08_EMPTY
1236.png,04_LYMPHO
1237.png,06_MUCOSA
1238.png,03_COMPLEX
1239.png,01_TUMOR
1240.png,05_DEBRIS
1241.png,04_LYMPHO
1242.png,02_STROMA
1243.png,04_LYMPHO
1244.png,08_EMPTY
1245.png,08_EMPTY
1246.png,07_ADIPOSE
1247.png,03_COMPLEX
1248.png,04_LYMPHO
1249.png,06_MUCOSA
1250.png,01_TUMOR
1251.png,04_LYMPHO
1252.png,05_DEBRIS
1253.png,07_ADIPOSE
1254.png,06_MUCOSA
1255.png,03_COMPLEX
1256.png,05_DEBRIS
1257.png,07_ADIPOSE
1258.png,01_TUMOR
1259.png,03_COMPLEX
1260.png,08_EMPTY
1261.png,04_LYMPHO
1262.png,06_MUCOSA
1263.png,03_COMPLEX
1264.png,08_EMPTY
1265.png,02_STROMA
1266.png,04_LYMPHO
1267.png,04_LYMPHO
1268.png,08_EMPTY
1269.png,08_EMPTY
1270.png,02_STROMA
1271.png,02_STROMA
1272.png,03_COMPLEX
1273.png,07_ADIPOSE
1274.png,07_ADIPOSE
1275.png,04_LYMPHO
1276.png,05_DEBRIS
1277.png,03_COMPLEX
1278.png,07_ADIPOSE
1279.png,01_TUMOR
1280.png,05_DEBRIS
1281.png,07_ADIPOSE
1282.png,04_LYMPHO
1283.png,02_STROMA
1284.png,01_TUMOR
1285.png,07_ADIPOSE
1286.png,02_STROMA
1287.png,08_EMPTY
1288.png,08_EMPTY
1289.png,02_STROMA
1290.png,04_LYMPHO
1291.png,08_EMPTY
1292.png,02_STROMA
1293.png,07_ADIPOSE
1294.png,06_MUCOSA
1295.png,06_MUCOSA
1296.png,02_STROMA
1297.png,05_DEBRIS
1298.png,03_COMPLEX
1299.png,08_EMPTY
1300.png,07_ADIPOSE
1301.png,04_LYMPHO
1302.png,08_EMPTY
1303.png,02_STROMA
1304.png,06_MUCOSA
1305.png,06_MUCOSA
1306.png,07_ADIPOSE
1307.png,04_LYMPHO
1308.png,02_STROMA
1309.png,02_STROMA
1310.png,05_DEBRIS
1311.png,01_TUMOR
1312.png,03_COMPLEX
1313.png,04_LYMPHO
1314.png,06_MUCOSA
1315.png,08_EMPTY
1316.png,08_EMPTY
1317.png,03_COMPLEX
1318.png,06_MUCOSA
1319.png,07_ADIPOSE
1320.png,06_MUCOSA
1321.png,07_ADIPOSE
1322.png,02_STROMA
1323.png,04_LYMPHO
1324.png,05_DEBRIS
1325.png,01_TUMOR
1326.png,05_DEBRIS
1327.png,08_EMPTY
1328.png,03_COMPLEX
1329.png,04_LYMPHO
1330.png,04_LYMPHO
1331.png,05_DEBRIS
1332.png,03_COMPLEX
1333.png,03_COMPLEX
1334.png,08_EMPTY
1335.png,06_MUCOSA
1336.png,04_LYMPHO
1337.png,08_EMPTY
1338.png,03_COMPLEX
1339.png,06_MUCOSA
1340.png,01_TUMOR
1341.png,06_MUCOSA
1342.png,06_MUCOSA
1343.png,07_ADIPOSE
1344.png,04_LYMPHO
1345.png,02_STROMA
1346.png,02_STROMA
1347.png,06_MUCOSA
1348.png,07_ADIPOSE
1349.png,03_COMPLEX
1350.png,03_COMPLEX
1351.png,05_DEBRIS
1352.png,04_LYMPHO
1353.png,06_MUCOSA
1354.png,04_LYMPHO
1355.png,04_LYMPHO
1356.png,08_EMPTY
1357.png,05_DEBRIS
1358.png,01_TUMOR
1359.png,08_EMPTY
1360.png,06_MUCOSA
1361.png,02_STROMA
1362.png,03_COMPLEX
1363.png,05_DEBRIS
1364.png,08_EMPTY
1365.png,03_COMPLEX
1366.png,06_MUCOSA
1367.png,02_STROMA
1368.png,08_EMPTY
1369.png,02_STROMA
1370.png,02_STROMA
1371.png,01_TUMOR
1372.png,07_ADIPOSE
1373.png,07_ADIPOSE
1374.png,06_MUCOSA
1375.png,01_TUMOR
1376.png,07_ADIPOSE
1377.png,05_DEBRIS
1378.png,06_MUCOSA
1379.png,08_EMPTY
1380.png,02_STROMA
1381.png,04_LYMPHO
1382.png,02_STROMA
1383.png,03_COMPLEX
1384.png,07_ADIPOSE
1385.png,07_ADIPOSE
1386.png,04_LYMPHO
1387.png,08_EMPTY
1388.png,08_EMPTY
1389.png,02_STROMA
1390.png,07_ADIPOSE
1391.png,04_LYMPHO
1392.png,02_STROMA
1393.png,01_TUMOR
1394.png,01_TUMOR
1395.png,06_MUCOSA
1396.png,04_LYMPHO
1397.png,08_EMPTY
1398.png,06_MUCOSA
1399.png,04_LYMPHO
1400.png,01_TUMOR
1401.png,06_MUCOSA
1402.png,07_ADIPOSE
1403.png,07_ADIPOSE
1404.png,08_EMPTY
1405.png,01_TUMOR
1406.png,03_COMPLEX
1407.png,06_MUCOSA
1408.png,08_EMPTY
1409.png,05_DEBRIS
1410.png,06_MUCOSA
1411.png,03_COMPLEX
1412.png,04_LYMPHO
1413.png,08_EMPTY
1414.png,05_DEBRIS
1415.png,07_ADIPOSE
1416.png,06_MUCOSA
1417.png,02_STROMA
1418.png,04_LYMPHO
1419.png,04_LYMPHO
1420.png,08_EMPTY
1421.png,05_DEBRIS
1422.png,06_MUCOSA
1423.png,01_TUMOR
1424.png,08_EMPTY
1425.png,06_MUCOSA
1426.png,03_COMPLEX
1427.png,02_STROMA
1428.png,04_LYMPHO
1429.png,07_ADIPOSE
1430.png,07_ADIPOSE
1431.png,01_TUMOR
1432.png,05_DEBRIS
1433.png,02_STROMA
1434.png,01_TUMOR
1435.png,04_LYMPHO
1436.png,03_COMPLEX
1437.png,08_EMPTY
1438.png,03_COMPLEX
1439.png,02_STROMA
1440.png,08_EMPTY
1441.png,07_ADIPOSE
1442.png,06_MUCOSA
1443.png,01_TUMOR
1444.png,05_DEBRIS
1445.png,05_DEBRIS
1446.png,02_STROMA
1447.png,02_STROMA
1448.png,04_LYMPHO
1449.png,07_ADIPOSE
1450.png,07_ADIPOSE
1451.png,08_EMPTY
1452.png,01_TUMOR
1453.png,05_DEBRIS
1454.png,04_LYMPHO
1455.png,05_DEBRIS
1456.png,04_LYMPHO
1457.png,04_LYMPHO
1458.png,01_TUMOR
1459.png,06_MUCOSA
1460.png,04_LYMPHO
1461.png,04_LYMPHO
1462.png,03_COMPLEX
1463.png,07_ADIPOSE
1464.png,06_MUCOSA
1465.png,02_STROMA
1466.png,08_EMPTY
1467.png,05_DEBRIS
1468.png,06_MUCOSA
1469.png,01_TUMOR
1470.png,02_STROMA
1471.png,06_MUCOSA
1472.png,02_STROMA
1473.png,01_TUMOR
1474.png,05_DEBRIS
1475.png,02_STROMA
1476.png,07_ADIPOSE
1477.png,08_EMPTY
1478.png,03_COMPLEX
1479.png,01_TUMOR
1480.png,04_LYMPHO
1481.png,08_EMPTY
1482.png,02_STROMA
1483.png,05_DEBRIS
1484.png,06_MUCOSA
1485.png,07_ADIPOSE
1486.png,06_MUCOSA
1487.png,08_EMPTY
1488.png,08_EMPTY
1489.png,03_COMPLEX
1490.png,01_TUMOR
1491.png,08_EMPTY
1492.png,07_ADIPOSE
1493.png,07_ADIPOSE
1494.png,03_COMPLEX
1495.png,02_STROMA
1496.png,01_TUMOR
1497.png,08_EMPTY
1498.png,05_DEBRIS
1499.png,07_ADIPOSE
1500.png,07_ADIPOSE
1501.png,07_ADIPOSE
1502.png,04_LYMPHO
1503.png,05_DEBRIS
1504.png,01_TUMOR
1505.png,03_COMPLEX
1506.png,01_TUMOR
1507.png,03_COMPLEX
1508.png,06_MUCOSA
1509.png,02_STROMA
1510.png,06_MUCOSA
1511.png,06_MUCOSA
1512.png,05_DEBRIS
1513.png,04_LYMPHO
1514.png,05_DEBRIS
1515.png,03_COMPLEX
1516.png,08_EMPTY
1517.png,07_ADIPOSE
1518.png,04_LYMPHO
1519.png,03_COMPLEX
1520.png,02_STROMA
1521.png,04_LYMPHO
1522.png,04_LYMPHO
1523.png,04_LYMPHO
1524.png,08_EMPTY
1525.png,01_TUMOR
1526.png,05_DEBRIS
1527.png,07_ADIPOSE
1528.png,01_TUMOR
1529.png,03_COMPLEX
1530.png,05_DEBRIS
1531.png,03_COMPLEX
1532.png,02_STROMA
1533.png,03_COMPLEX
1534.png,03_COMPLEX
1535.png,03_COMPLEX
1536.png,05_DEBRIS
1537.png,05_DEBRIS
1538.png,03_COMPLEX
1539.png,07_ADIPOSE
1540.png,02_STROMA
1541.png,05_DEBRIS
1542.png,06_MUCOSA
1543.png,02_STROMA
1544.png,01_TUMOR
1545.png,05_DEBRIS
1546.png,07_ADIPOSE
1547.png,07_ADIPOSE
1548.png,07_ADIPOSE
1549.png,02_STROMA
1550.png,01_TUMOR
1551.png,08_EMPTY
1552.png,05_DEBRIS
1553.png,03_COMPLEX
1554.png,05_DEBRIS
1555.png,04_LYMPHO
1556.png,08_EMPTY
1557.png,07_ADIPOSE
1558.png,04_LYMPHO
1559.png,04_LYMPHO
1560.png,06_MUCOSA
1561.png,02_STROMA
1562.png,06_MUCOSA
1563.png,07_ADIPOSE
1564.png,03_COMPLEX
1565.png,02_STROMA
1566.png,07_ADIPOSE
1567.png,04_LYMPHO
1568.png,06_MUCOSA
1569.png,08_EMPTY
1570.png,03_COMPLEX
1571.png,03_COMPLEX
1572.png,02_STROMA
1573.png,04_LYMPHO
1574.png,04_LYMPHO
1575.png,05_DEBRIS
1576.png,02_STROMA
1577.png,06_MUCOSA
1578.png,02_STROMA
1579.png,06_MUCOSA
1580.png,07_ADIPOSE
1581.png,03_COMPLEX
1582.png,03_COMPLEX
1583.png,02_STROMA
1584.png,08_EMPTY
1585.png,03_COMPLEX
1586.png,04_LYMPHO
1587.png,01_TUMOR
1588.png,05_DEBRIS
1589.png,02_STROMA
1590.png,06_MUCOSA
1591.png,01_TUMOR
1592.png,02_STROMA
1593.png,02_STROMA
1594.png,02_STROMA
1595.png,06_MUCOSA
1596.png,06_MUCOSA
1597.png,06_MUCOSA
1598.png,01_TUMOR
1599.png,03_COMPLEX
1600.png,03_COMPLEX
1601.png,03_COMPLEX
1602.png,08_EMPTY
1603.png,08_EMPTY
1604.png,01_TUMOR
1605.png,01_TUMOR
1606.png,05_DEBRIS
1607.png,07_ADIPOSE
1608.png,03_COMPLEX
1609.png,05_DEBRIS
1610.png,05_DEBRIS
1611.png,08_EMPTY
1612.png,05_DEBRIS
1613.png,06_MUCOSA
1614.png,04_LYMPHO
1615.png,07_ADIPOSE
1616.png,08_EMPTY
1617.png,03_COMPLEX
1618.png,02_STROMA
1619.png,06_MUCOSA
1620.png,03_COMPLEX
1621.png,05_DEBRIS
1622.png,08_EMPTY
1623.png,07_ADIPOSE
1624.png,02_STROMA
1625.png,03_COMPLEX
1626.png,08_EMPTY
1627.png,01_TUMOR
1628.png,05_DEBRIS
1629.png,03_COMPLEX
1630.png,05_DEBRIS
1631.png,03_COMPLEX
1632.png,02_STROMA
1633.png,08_EMPTY
1634.png,01_TUMOR
1635.png,08_EMPTY
1636.png,06_MUCOSA
1637.png,01_TUMOR
1638.png,01_TUMOR
1639.png,08_EMPTY
1640.png,03_COMPLEX
1641.png,04_LYMPHO
1642.png,02_STROMA
1643.png,08_EMPTY
1644.png,04_LYMPHO
1645.png,06_MUCOSA
1646.png,08_EMPTY
1647.png,01_TUMOR
1648.png,03_COMPLEX
1649.png,05_DEBRIS
1650.png,08_EMPTY
1651.png,02_STROMA
1652.png,05_DEBRIS
1653.png,01_TUMOR
1654.png,06_MUCOSA
1655.png,06_MUCOSA
1656.png,05_DEBRIS
1657.png,06_MUCOSA
1658.png,03_COMPLEX
1659.png,06_MUCOSA
1660.png,05_DEBRIS
1661.png,03_COMPLEX
1662.png,03_COMPLEX
1663.png,06_MUCOSA
1664.png,07_ADIPOSE
1665.png,05_DEBRIS
1666.png,08_EMPTY
1667.png,03_COMPLEX
1668.png,01_TUMOR
1669.png,08_EMPTY
1670.png,04_LYMPHO
1671.png,05_DEBRIS
1672.png,03_COMPLEX
1673.png,04_LYMPHO
1674.png,06_MUCOSA
1675.png,03_COMPLEX
1676.png,02_STROMA
1677.png,08_EMPTY
1678.png,08_EMPTY
1679.png,01_TUMOR
1680.png,04_LYMPHO
1681.png,06_MUCOSA
1682.png,01_TUMOR
1683.png,04_LYMPHO
1684.png,08_EMPTY
1685.png,01_TUMOR
1686.png,06_MUCOSA
1687.png,08_EMPTY
1688.png,05_DEBRIS
1689.png,07_ADIPOSE
1690.png,04_LYMPHO
1691.png,07_ADIPOSE
1692.png,02_STROMA
1693.png,07_ADIPOSE
1694.png,01_TUMOR
1695.png,01_TUMOR
1696.png,01_TUMOR
1697.png,01_TUMOR
1698.png,04_LYMPHO
1699.png,03_COMPLEX
1700.png,03_COMPLEX
1701.png,02_STROMA
1702.png,05_DEBRIS
1703.png,08_EMPTY
1704.png,01_TUMOR
1705.png,05_DEBRIS
1706.png,03_COMPLEX
1707.png,05_DEBRIS
1708.png,07_ADIPOSE
1709.png,06_MUCOSA
1710.png,06_MUCOSA
1711.png,05_DEBRIS
1712.png,02_STROMA
1713.png,05_DEBRIS
1714.png,02_STROMA
1715.png,02_STROMA
1716.png,03_COMPLEX
1717.png,05_DEBRIS
1718.png,03_COMPLEX
1719.png,07_ADIPOSE
1720.png,08_EMPTY
1721.png,07_ADIPOSE
1722.png,04_LYMPHO
1723.png,01_TUMOR
1724.png,05_DEBRIS
1725.png,01_TUMOR
1726.png,03_COMPLEX
1727.png,01_TUMOR
1728.png,06_MUCOSA
1729.png,08_EMPTY
1730.png,04_LYMPHO
1731.png,07_ADIPOSE
1732.png,06_MUCOSA
1733.png,08_EMPTY
1734.png,03_COMPLEX
1735.png,07_ADIPOSE
1736.png,08_EMPTY
1737.png,03_COMPLEX
1738.png,08_EMPTY
1739.png,07_ADIPOSE
1740.png,02_STROMA
1741.png,05_DEBRIS
1742.png,01_TUMOR
1743.png,04_LYMPHO
1744.png,03_COMPLEX
1745.png,02_STROMA
1746.png,07_ADIPOSE
1747.png,05_DEBRIS
1748.png,05_DEBRIS
1749.png,06_MUCOSA
1750.png,03_COMPLEX
1751.png,04_LYMPHO
1752.png,05_DEBRIS
1753.png,02_STROMA
1754.png,07_ADIPOSE
1755.png,05_DEBRIS
1756.png,08_EMPTY
1757.png,05_DEBRIS
1758.png,06_MUCOSA
1759.png,08_EMPTY
1760.png,03_COMPLEX
1761.png,08_EMPTY
1762.png,05_DEBRIS
1763.png,06_MUCOSA
1764.png,01_TUMOR
1765.png,07_ADIPOSE
1766.png,04_LYMPHO
1767.png,01_TUMOR
1768.png,07_ADIPOSE
1769.png,07_ADIPOSE
1770.png,05_DEBRIS
1771.png,05_DEBRIS
1772.png,08_EMPTY
1773.png,01_TUMOR
1774.png,01_TUMOR
1775.png,05_DEBRIS
1776.png,04_LYMPHO
1777.png,05_DEBRIS
1778.png,06_MUCOSA
1779.png,08_EMPTY
1780.png,04_LYMPHO
1781.png,03_COMPLEX
1782.png,07_ADIPOSE
1783.png,02_STROMA
1784.png,04_LYMPHO
1785.png,08_EMPTY
1786.png,07_ADIPOSE
1787.png,06_MUCOSA
1788.png,01_TUMOR
1789.png,03_COMPLEX
1790.png,03_COMPLEX
1791.png,05_DEBRIS
1792.png,03_COMPLEX
1793.png,08_EMPTY
1794.png,06_MUCOSA
1795.png,05_DEBRIS
1796.png,01_TUMOR
1797.png,02_STROMA
1798.png,01_TUMOR
1799.png,01_TUMOR
1800.png,02_STROMA
1801.png,07_ADIPOSE
1802.png,06_MUCOSA
1803.png,07_ADIPOSE
1804.png,01_TUMOR
1805.png,03_COMPLEX
1806.png,08_EMPTY
1807.png,08_EMPTY
1808.png,01_TUMOR
1809.png,07_ADIPOSE
1810.png,02_STROMA
1811.png,04_LYMPHO
1812.png,08_EMPTY
1813.png,06_MUCOSA
1814.png,01_TUMOR
1815.png,01_TUMOR
1816.png,05_DEBRIS
1817.png,01_TUMOR
1818.png,08_EMPTY
1819.png,05_DEBRIS
1820.png,04_LYMPHO
1821.png,01_TUMOR
1822.png,04_LYMPHO
1823.png,05_DEBRIS
1824.png,01_TUMOR
1825.png,05_DEBRIS
1826.png,07_ADIPOSE
1827.png,08_EMPTY
1828.png,01_TUMOR
1829.png,05_DEBRIS
1830.png,04_LYMPHO
1831.png,03_COMPLEX
1832.png,07_ADIPOSE
1833.png,03_COMPLEX
1834.png,02_STROMA
1835.png,06_MUCOSA
1836.png,03_COMPLEX
1837.png,08_EMPTY
1838.png,06_MUCOSA
1839.png,06_MUCOSA
1840.png,08_EMPTY
1841.png,07_ADIPOSE
1842.png,08_EMPTY
1843.png,07_ADIPOSE
1844.png,05_DEBRIS
1845.png,06_MUCOSA
1846.png,08_EMPTY
1847.png,01_TUMOR
1848.png,03_COMPLEX
1849.png,05_DEBRIS
1850.png,05_DEBRIS
1851.png,05_DEBRIS
1852.png,01_TUMOR
1853.png,08_EMPTY
1854.png,02_STROMA
1855.png,06_MUCOSA
1856.png,02_STROMA
1857.png,01_TUMOR
1858.png,05_DEBRIS
1859.png,06_MUCOSA
1860.png,03_COMPLEX
1861.png,04_LYMPHO
1862.png,07_ADIPOSE
1863.png,03_COMPLEX
1864.png,05_DEBRIS
1865.png,05_DEBRIS
1866.png,05_DEBRIS
1867.png,04_LYMPHO
1868.png,07_ADIPOSE
1869.png,02_STROMA
1870.png,07_ADIPOSE
1871.png,01_TUMOR
1872.png,01_TUMOR
1873.png,01_TUMOR
1874.png,03_COMPLEX
1875.png,04_LYMPHO
1876.png,01_TUMOR
1877.png,08_EMPTY
1878.png,08_EMPTY
1879.png,08_EMPTY
1880.png,04_LYMPHO
1881.png,04_LYMPHO
1882.png,06_MUCOSA
1883.png,02_STROMA
1884.png,05_DEBRIS
1885.png,03_COMPLEX
1886.png,01_TUMOR
1887.png,08_EMPTY
1888.png,04_LYMPHO
1889.png,08_EMPTY
1890.png,06_MUCOSA
1891.png,01_TUMOR
1892.png,04_LYMPHO
1893.png,04_LYMPHO
1894.png,07_ADIPOSE
1895.png,05_DEBRIS
1896.png,07_ADIPOSE
1897.png,04_LYMPHO
1898.png,03_COMPLEX
1899.png,08_EMPTY
1900.png,06_MUCOSA
1901.png,02_STROMA
1902.png,04_LYMPHO
1903.png,05_DEBRIS
1904.png,03_COMPLEX
1905.png,06_MUCOSA
1906.png,04_LYMPHO
1907.png,06_MUCOSA
1908.png,05_DEBRIS
1909.png,04_LYMPHO
1910.png,01_TUMOR
1911.png,05_DEBRIS
1912.png,02_STROMA
1913.png,08_EMPTY
1914.png,05_DEBRIS
1915.png,06_MUCOSA
1916.png,08_EMPTY
1917.png,01_TUMOR
1918.png,07_ADIPOSE
1919.png,02_STROMA
1920.png,05_DEBRIS
1921.png,01_TUMOR
1922.png,05_DEBRIS
1923.png,03_COMPLEX
1924.png,03_COMPLEX
1925.png,02_STROMA
1926.png,02_STROMA
1927.png,04_LYMPHO
1928.png,04_LYMPHO
1929.png,02_STROMA
1930.png,05_DEBRIS
1931.png,05_DEBRIS
1932.png,02_STROMA
1933.png,01_TUMOR
1934.png,03_COMPLEX
1935.png,04_LYMPHO
1936.png,02_STROMA
1937.png,02_STROMA
1938.png,04_LYMPHO
1939.png,03_COMPLEX
1940.png,07_ADIPOSE
1941.png,06_MUCOSA
1942.png,06_MUCOSA
1943.png,08_EMPTY
1944.png,08_EMPTY
1945.png,04_LYMPHO
1946.png,02_STROMA
1947.png,07_ADIPOSE
1948.png,04_LYMPHO
1949.png,07_ADIPOSE
1950.png,07_ADIPOSE
1951.png,08_EMPTY
1952.png,05_DEBRIS
1953.png,07_ADIPOSE
1954.png,01_TUMOR
1955.png,01_TUMOR
1956.png,06_MUCOSA
1957.png,05_DEBRIS
1958.png,01_TUMOR
1959.png,07_ADIPOSE
1960.png,08_EMPTY
1961.png,08_EMPTY
1962.png,03_COMPLEX
1963.png,03_COMPLEX
1964.png,05_DEBRIS
1965.png,05_DEBRIS
1966.png,06_MUCOSA
1967.png,07_ADIPOSE
1968.png,02_STROMA
1969.png,04_LYMPHO
1970.png,02_STROMA
1971.png,03_COMPLEX
1972.png,02_STROMA
1973.png,07_ADIPOSE
1974.png,02_STROMA
1975.png,03_COMPLEX
1976.png,02_STROMA
1977.png,05_DEBRIS
1978.png,04_LYMPHO
1979.png,08_EMPTY
1980.png,07_ADIPOSE
1981.png,06_MUCOSA
1982.png,03_COMPLEX
1983.png,02_STROMA
1984.png,07_ADIPOSE
1985.png,03_COMPLEX
1986.png,06_MUCOSA
1987.png,01_TUMOR
1988.png,03_COMPLEX
1989.png,02_STROMA
1990.png,07_ADIPOSE
1991.png,02_STROMA
1992.png,01_TUMOR
1993.png,04_LYMPHO
1994.png,04_LYMPHO
1995.png,03_COMPLEX
1996.png,07_ADIPOSE
1997.png,02_STROMA
1998.png,07_ADIPOSE
1999.png,05_DEBRIS
2000.png,07_ADIPOSE
2001.png,04_LYMPHO
2002.png,07_ADIPOSE
2003.png,08_EMPTY
2004.png,02_STROMA
2005.png,01_TUMOR
2006.png,08_EMPTY
2007.png,05_DEBRIS
2008.png,08_EMPTY
2009.png,03_COMPLEX
2010.png,03_COMPLEX
2011.png,08_EMPTY
2012.png,08_EMPTY
2013.png,03_COMPLEX
2014.png,04_LYMPHO
2015.png,04_LYMPHO
2016.png,04_LYMPHO
2017.png,04_LYMPHO
2018.png,08_EMPTY
2019.png,05_DEBRIS
2020.png,03_COMPLEX
2021.png,03_COMPLEX
2022.png,06_MUCOSA
2023.png,07_ADIPOSE
2024.png,02_STROMA
2025.png,03_COMPLEX
2026.png,03_COMPLEX
2027.png,03_COMPLEX
2028.png,04_LYMPHO
2029.png,05_DEBRIS
2030.png,05_DEBRIS
2031.png,08_EMPTY
2032.png,06_MUCOSA
2033.png,02_STROMA
2034.png,04_LYMPHO
2035.png,03_COMPLEX
2036.png,06_MUCOSA
2037.png,07_ADIPOSE
2038.png,04_LYMPHO
2039.png,02_STROMA
2040.png,04_LYMPHO
2041.png,05_DEBRIS
2042.png,07_ADIPOSE
2043.png,04_LYMPHO
2044.png,05_DEBRIS
2045.png,04_LYMPHO
2046.png,02_STROMA
2047.png,08_EMPTY
2048.png,02_STROMA
2049.png,04_LYMPHO
2050.png,06_MUCOSA
2051.png,08_EMPTY
2052.png,07_ADIPOSE
2053.png,01_TUMOR
2054.png,04_LYMPHO
2055.png,02_STROMA
2056.png,05_DEBRIS
2057.png,04_LYMPHO
2058.png,02_STROMA
2059.png,07_ADIPOSE
2060.png,02_STROMA
2061.png,08_EMPTY
2062.png,01_TUMOR
2063.png,06_MUCOSA
2064.png,08_EMPTY
2065.png,01_TUMOR
2066.png,06_MUCOSA
2067.png,06_MUCOSA
2068.png,07_ADIPOSE
2069.png,05_DEBRIS
2070.png,05_DEBRIS
2071.png,05_DEBRIS
2072.png,01_TUMOR
2073.png,02_STROMA
2074.png,02_STROMA
2075.png,08_EMPTY
2076.png,05_DEBRIS
2077.png,04_LYMPHO
2078.png,01_TUMOR
2079.png,02_STROMA
2080.png,05_DEBRIS
2081.png,08_EMPTY
2082.png,07_ADIPOSE
2083.png,04_LYMPHO
2084.png,05_DEBRIS
2085.png,02_STROMA
2086.png,05_DEBRIS
2087.png,05_DEBRIS
2088.png,03_COMPLEX
2089.png,08_EMPTY
2090.png,08_EMPTY
2091.png,06_MUCOSA
2092.png,01_TUMOR
2093.png,07_ADIPOSE
2094.png,06_MUCOSA
2095.png,07_ADIPOSE
2096.png,04_LYMPHO
2097.png,04_LYMPHO
2098.png,02_STROMA
2099.png,02_STROMA
2100.png,01_TUMOR
2101.png,07_ADIPOSE
2102.png,07_ADIPOSE
2103.png,04_LYMPHO
2104.png,05_DEBRIS
2105.png,02_STROMA
2106.png,03_COMPLEX
2107.png,07_ADIPOSE
2108.png,03_COMPLEX
2109.png,02_STROMA
2110.png,04_LYMPHO
2111.png,06_MUCOSA
2112.png,05_DEBRIS
2113.png,08_EMPTY
2114.png,07_ADIPOSE
2115.png,05_DEBRIS
2116.png,07_ADIPOSE
2117.png,03_COMPLEX
2118.png,05_DEBRIS
2119.png,02_STROMA
2120.png,08_EMPTY
2121.png,04_LYMPHO
2122.png,03_COMPLEX
2123.png,05_DEBRIS
2124.png,06_MUCOSA
2125.png,06_MUCOSA
2126.png,06_MUCOSA
2127.png,04_LYMPHO
2128.png,02_STROMA
2129.png,08_EMPTY
2130.png,07_ADIPOSE
2131.png,03_COMPLEX
2132.png,03_COMPLEX
2133.png,03_COMPLEX
2134.png,06_MUCOSA
2135.png,06_MUCOSA
2136.png,08_EMPTY
2137.png,01_TUMOR
2138.png,03_COMPLEX
2139.png,08_EMPTY
2140.png,08_EMPTY
2141.png,02_STROMA
2142.png,08_EMPTY
2143.png,03_COMPLEX
2144.png,05_DEBRIS
2145.png,02_STROMA
2146.png,06_MUCOSA
2147.png,01_TUMOR
2148.png,04_LYMPHO
2149.png,07_ADIPOSE
2150.png,06_MUCOSA
2151.png,01_TUMOR
2152.png,05_DEBRIS
2153.png,06_MUCOSA
2154.png,07_ADIPOSE
2155.png,06_MUCOSA
2156.png,06_MUCOSA
2157.png,01_TUMOR
2158.png,04_LYMPHO
2159.png,05_DEBRIS
2160.png,02_STROMA
2161.png,03_COMPLEX
2162.png,08_EMPTY
2163.png,08_EMPTY
2164.png,04_LYMPHO
2165.png,03_COMPLEX
2166.png,08_EMPTY
2167.png,02_STROMA
2168.png,07_ADIPOSE
2169.png,05_DEBRIS
2170.png,02_STROMA
2171.png,06_MUCOSA
2172.png,03_COMPLEX
2173.png,03_COMPLEX
2174.png,07_ADIPOSE
2175.png,04_LYMPHO
2176.png,05_DEBRIS
2177.png,05_DEBRIS
2178.png,05_DEBRIS
2179.png,03_COMPLEX
2180.png,07_ADIPOSE
2181.png,01_TUMOR
2182.png,08_EMPTY
2183.png,02_STROMA
2184.png,08_EMPTY
2185.png,03_COMPLEX
2186.png,01_TUMOR
2187.png,04_LYMPHO
2188.png,05_DEBRIS
2189.png,08_EMPTY
2190.png,02_STROMA
2191.png,04_LYMPHO
2192.png,08_EMPTY
2193.png,05_DEBRIS
2194.png,05_DEBRIS
2195.png,08_EMPTY
2196.png,05_DEBRIS
2197.png,05_DEBRIS
2198.png,05_DEBRIS
2199.png,08_EMPTY
2200.png,05_DEBRIS
2201.png,08_EMPTY
2202.png,04_LYMPHO
2203.png,05_DEBRIS
2204.png,02_STROMA
2205.png,02_STROMA
2206.png,06_MUCOSA
2207.png,07_ADIPOSE
2208.png,01_TUMOR
2209.png,05_DEBRIS
2210.png,02_STROMA
2211.png,04_LYMPHO
2212.png,07_ADIPOSE
2213.png,03_COMPLEX
2214.png,08_EMPTY
2215.png,03_COMPLEX
2216.png,02_STROMA
2217.png,07_ADIPOSE
2218.png,03_COMPLEX
2219.png,04_LYMPHO
2220.png,05_DEBRIS
2221.png,02_STROMA
2222.png,08_EMPTY
2223.png,03_COMPLEX
2224.png,04_LYMPHO
2225.png,01_TUMOR
2226.png,02_STROMA
2227.png,05_DEBRIS
2228.png,02_STROMA
2229.png,04_LYMPHO
2230.png,08_EMPTY
2231.png,03_COMPLEX
2232.png,04_LYMPHO
2233.png,03_COMPLEX
2234.png,06_MUCOSA
2235.png,02_STROMA
2236.png,06_MUCOSA
2237.png,04_LYMPHO
2238.png,08_EMPTY
2239.png,05_DEBRIS
2240.png,03_COMPLEX
2241.png,07_ADIPOSE
2242.png,03_COMPLEX
2243.png,01_TUMOR
2244.png,05_DEBRIS
2245.png,04_LYMPHO
2246.png,05_DEBRIS
2247.png,02_STROMA
2248.png,07_ADIPOSE
2249.png,07_ADIPOSE
2250.png,07_ADIPOSE
2251.png,07_ADIPOSE
2252.png,04_LYMPHO
2253.png,07_ADIPOSE
2254.png,03_COMPLEX
2255.png,04_LYMPHO
2256.png,05_DEBRIS
2257.png,05_DEBRIS
2258.png,08_EMPTY
2259.png,07_ADIPOSE
2260.png,02_STROMA
2261.png,07_ADIPOSE
2262.png,08_EMPTY
2263.png,04_LYMPHO
2264.png,01_TUMOR
2265.png,02_STROMA
2266.png,03_COMPLEX
2267.png,04_LYMPHO
2268.png,06_MUCOSA
2269.png,02_STROMA
2270.png,08_EMPTY
2271.png,06_MUCOSA
2272.png,02_STROMA
2273.png,02_STROMA
2274.png,03_COMPLEX
2275.png,05_DEBRIS
2276.png,07_ADIPOSE
2277.png,05_DEBRIS
2278.png,05_DEBRIS
2279.png,02_STROMA
2280.png,07_ADIPOSE
2281.png,04_LYMPHO
2282.png,05_DEBRIS
2283.png,02_STROMA
2284.png,01_TUMOR
2285.png,03_COMPLEX
2286.png,05_DEBRIS
2287.png,06_MUCOSA
2288.png,06_MUCOSA
2289.png,08_EMPTY
2290.png,04_LYMPHO
2291.png,05_DEBRIS
2292.png,03_COMPLEX
2293.png,08_EMPTY
2294.png,05_DEBRIS
2295.png,07_ADIPOSE
2296.png,06_MUCOSA
2297.png,01_TUMOR
2298.png,01_TUMOR
2299.png,06_MUCOSA
2300.png,04_LYMPHO
2301.png,04_LYMPHO
2302.png,07_ADIPOSE
2303.png,02_STROMA
2304.png,01_TUMOR
2305.png,07_ADIPOSE
2306.png,02_STROMA
2307.png,05_DEBRIS
2308.png,07_ADIPOSE
2309.png,01_TUMOR
2310.png,04_LYMPHO
2311.png,06_MUCOSA
2312.png,07_ADIPOSE
2313.png,04_LYMPHO
2314.png,04_LYMPHO
2315.png,03_COMPLEX
2316.png,03_COMPLEX
2317.png,03_COMPLEX
2318.png,03_COMPLEX
2319.png,08_EMPTY
2320.png,03_COMPLEX
2321.png,06_MUCOSA
2322.png,07_ADIPOSE
2323.png,07_ADIPOSE
2324.png,06_MUCOSA
2325.png,07_ADIPOSE
2326.png,05_DEBRIS
2327.png,05_DEBRIS
2328.png,08_EMPTY
2329.png,07_ADIPOSE
2330.png,03_COMPLEX
2331.png,08_EMPTY
2332.png,04_LYMPHO
2333.png,07_ADIPOSE
2334.png,01_TUMOR
2335.png,05_DEBRIS
2336.png,05_DEBRIS
2337.png,03_COMPLEX
2338.png,04_LYMPHO
2339.png,01_TUMOR
2340.png,03_COMPLEX
2341.png,03_COMPLEX
2342.png,08_EMPTY
2343.png,05_DEBRIS
2344.png,08_EMPTY
2345.png,01_TUMOR
2346.png,01_TUMOR
2347.png,06_MUCOSA
2348.png,06_MUCOSA
2349.png,06_MUCOSA
2350.png,06_MUCOSA
2351.png,01_TUMOR
2352.png,05_DEBRIS
2353.png,08_EMPTY
2354.png,02_STROMA
2355.png,04_LYMPHO
2356.png,02_STROMA
2357.png,06_MUCOSA
2358.png,03_COMPLEX
2359.png,02_STROMA
2360.png,02_STROMA
2361.png,01_TUMOR
2362.png,04_LYMPHO
2363.png,08_EMPTY
2364.png,04_LYMPHO
2365.png,06_MUCOSA
2366.png,01_TUMOR
2367.png,01_TUMOR
2368.png,08_EMPTY
2369.png,02_STROMA
2370.png,03_COMPLEX
2371.png,02_STROMA
2372.png,08_EMPTY
2373.png,03_COMPLEX
2374.png,02_STROMA
2375.png,08_EMPTY
2376.png,07_ADIPOSE
2377.png,08_EMPTY
2378.png,08_EMPTY
2379.png,03_COMPLEX
2380.png,07_ADIPOSE
2381.png,04_LYMPHO
2382.png,05_DEBRIS
2383.png,08_EMPTY
2384.png,08_EMPTY
2385.png,06_MUCOSA
2386.png,06_MUCOSA
2387.png,04_LYMPHO
2388.png,07_ADIPOSE
2389.png,05_DEBRIS
2390.png,08_EMPTY
2391.png,06_MUCOSA
2392.png,02_STROMA
2393.png,02_STROMA
2394.png,07_ADIPOSE
2395.png,03_COMPLEX
2396.png,04_LYMPHO
2397.png,05_DEBRIS
2398.png,04_LYMPHO
2399.png,01_TUMOR
2400.png,08_EMPTY
2401.png,08_EMPTY
2402.png,05_DEBRIS
2403.png,01_TUMOR
2404.png,07_ADIPOSE
2405.png,03_COMPLEX
2406.png,03_COMPLEX
2407.png,03_COMPLEX
2408.png,06_MUCOSA
2409.png,01_TUMOR
2410.png,01_TUMOR
2411.png,01_TUMOR
2412.png,06_MUCOSA
2413.png,07_ADIPOSE
2414.png,03_COMPLEX
2415.png,05_DEBRIS
2416.png,04_LYMPHO
2417.png,06_MUCOSA
2418.png,01_TUMOR
2419.png,01_TUMOR
2420.png,08_EMPTY
2421.png,02_STROMA
2422.png,01_TUMOR
2423.png,05_DEBRIS
2424.png,05_DEBRIS
2425.png,01_TUMOR
2426.png,05_DEBRIS
2427.png,01_TUMOR
2428.png,01_TUMOR
2429.png,08_EMPTY
2430.png,02_STROMA
2431.png,01_TUMOR
2432.png,01_TUMOR
2433.png,01_TUMOR
2434.png,08_EMPTY
2435.png,04_LYMPHO
2436.png,03_COMPLEX
2437.png,05_DEBRIS
2438.png,08_EMPTY
2439.png,07_ADIPOSE
2440.png,06_MUCOSA
2441.png,04_LYMPHO
2442.png,08_EMPTY
2443.png,07_ADIPOSE
2444.png,03_COMPLEX
2445.png,05_DEBRIS
2446.png,01_TUMOR
2447.png,05_DEBRIS
2448.png,07_ADIPOSE
2449.png,02_STROMA
2450.png,06_MUCOSA
2451.png,04_LYMPHO
2452.png,08_EMPTY
2453.png,03_COMPLEX
2454.png,08_EMPTY
2455.png,06_MUCOSA
2456.png,01_TUMOR
2457.png,03_COMPLEX
2458.png,08_EMPTY
2459.png,08_EMPTY
2460.png,06_MUCOSA
2461.png,06_MUCOSA
2462.png,04_LYMPHO
2463.png,06_MUCOSA
2464.png,08_EMPTY
2465.png,03_COMPLEX
2466.png,02_STROMA
2467.png,07_ADIPOSE
2468.png,07_ADIPOSE
2469.png,02_STROMA
2470.png,07_ADIPOSE
2471.png,07_ADIPOSE
2472.png,01_TUMOR
2473.png,03_COMPLEX
2474.png,04_LYMPHO
2475.png,01_TUMOR
2476.png,06_MUCOSA
2477.png,04_LYMPHO
2478.png,06_MUCOSA
2479.png,07_ADIPOSE
2480.png,07_ADIPOSE
2481.png,04_LYMPHO
2482.png,02_STROMA
2483.png,03_COMPLEX
2484.png,05_DEBRIS
2485.png,02_STROMA
2486.png,07_ADIPOSE
2487.png,04_LYMPHO
2488.png,03_COMPLEX
2489.png,08_EMPTY
2490.png,01_TUMOR
2491.png,02_STROMA
2492.png,08_EMPTY
2493.png,04_LYMPHO
2494.png,04_LYMPHO
2495.png,04_LYMPHO
2496.png,07_ADIPOSE
2497.png,03_COMPLEX
2498.png,01_TUMOR
2499.png,07_ADIPOSE
2500.png,01_TUMOR
2501.png,07_ADIPOSE
2502.png,02_STROMA
2503.png,02_STROMA
2504.png,01_TUMOR
2505.png,07_ADIPOSE
2506.png,02_STROMA
2507.png,03_COMPLEX
2508.png,08_EMPTY
2509.png,02_STROMA
2510.png,07_ADIPOSE
2511.png,02_STROMA
2512.png,06_MUCOSA
2513.png,02_STROMA
2514.png,01_TUMOR
2515.png,02_STROMA
2516.png,05_DEBRIS
2517.png,03_COMPLEX
2518.png,05_DEBRIS
2519.png,07_ADIPOSE
2520.png,04_LYMPHO
2521.png,03_COMPLEX
2522.png,08_EMPTY
2523.png,06_MUCOSA
2524.png,03_COMPLEX
2525.png,02_STROMA
2526.png,01_TUMOR
2527.png,08_EMPTY
2528.png,04_LYMPHO
2529.png,07_ADIPOSE
2530.png,08_EMPTY
2531.png,07_ADIPOSE
2532.png,01_TUMOR
2533.png,08_EMPTY
2534.png,06_MUCOSA
2535.png,08_EMPTY
2536.png,04_LYMPHO
2537.png,01_TUMOR
2538.png,04_LYMPHO
2539.png,02_STROMA
2540.png,08_EMPTY
2541.png,08_EMPTY
2542.png,07_ADIPOSE
2543.png,04_LYMPHO
2544.png,06_MUCOSA
2545.png,08_EMPTY
2546.png,05_DEBRIS
2547.png,04_LYMPHO
2548.png,03_COMPLEX
2549.png,04_LYMPHO
2550.png,04_LYMPHO
2551.png,04_LYMPHO
2552.png,01_TUMOR
2553.png,08_EMPTY
2554.png,02_STROMA
2555.png,02_STROMA
2556.png,04_LYMPHO
2557.png,07_ADIPOSE
2558.png,04_LYMPHO
2559.png,01_TUMOR
2560.png,05_DEBRIS
2561.png,08_EMPTY
2562.png,04_LYMPHO
2563.png,05_DEBRIS
2564.png,01_TUMOR
2565.png,03_COMPLEX
2566.png,03_COMPLEX
2567.png,07_ADIPOSE
2568.png,02_STROMA
2569.png,08_EMPTY
2570.png,02_STROMA
2571.png,01_TUMOR
2572.png,05_DEBRIS
2573.png,03_COMPLEX
2574.png,03_COMPLEX
2575.png,03_COMPLEX
2576.png,06_MUCOSA
2577.png,03_COMPLEX
2578.png,02_STROMA
2579.png,05_DEBRIS
2580.png,06_MUCOSA
2581.png,01_TUMOR
2582.png,07_ADIPOSE
2583.png,02_STROMA
2584.png,04_LYMPHO
2585.png,06_MUCOSA
2586.png,02_STROMA
2587.png,04_LYMPHO
2588.png,07_ADIPOSE
2589.png,03_COMPLEX
2590.png,03_COMPLEX
2591.png,02_STROMA
2592.png,03_COMPLEX
2593.png,04_LYMPHO
2594.png,02_STROMA
2595.png,01_TUMOR
2596.png,06_MUCOSA
2597.png,04_LYMPHO
2598.png,04_LYMPHO
2599.png,05_DEBRIS
2600.png,02_STROMA
2601.png,01_TUMOR
2602.png,05_DEBRIS
2603.png,05_DEBRIS
2604.png,08_EMPTY
2605.png,07_ADIPOSE
2606.png,02_STROMA
2607.png,06_MUCOSA
2608.png,08_EMPTY
2609.png,03_COMPLEX
2610.png,03_COMPLEX
2611.png,03_COMPLEX
2612.png,08_EMPTY
2613.png,08_EMPTY
2614.png,05_DEBRIS
2615.png,07_ADIPOSE
2616.png,04_LYMPHO
2617.png,04_LYMPHO
2618.png,02_STROMA
2619.png,06_MUCOSA
2620.png,04_LYMPHO
2621.png,08_EMPTY
2622.png,03_COMPLEX
2623.png,08_EMPTY
2624.png,05_DEBRIS
2625.png,02_STROMA
2626.png,03_COMPLEX
2627.png,06_MUCOSA
2628.png,01_TUMOR
2629.png,02_STROMA
2630.png,01_TUMOR
2631.png,07_ADIPOSE
2632.png,01_TUMOR
2633.png,07_ADIPOSE
2634.png,03_COMPLEX
2635.png,05_DEBRIS
2636.png,05_DEBRIS
2637.png,01_TUMOR
2638.png,05_DEBRIS
2639.png,04_LYMPHO
2640.png,03_COMPLEX
2641.png,02_STROMA
2642.png,02_STROMA
2643.png,03_COMPLEX
2644.png,02_STROMA
2645.png,05_DEBRIS
2646.png,08_EMPTY
2647.png,08_EMPTY
2648.png,03_COMPLEX
2649.png,03_COMPLEX
2650.png,02_STROMA
2651.png,02_STROMA
2652.png,06_MUCOSA
2653.png,07_ADIPOSE
2654.png,01_TUMOR
2655.png,01_TUMOR
2656.png,05_DEBRIS
2657.png,08_EMPTY
2658.png,02_STROMA
2659.png,02_STROMA
2660.png,04_LYMPHO
2661.png,01_TUMOR
2662.png,04_LYMPHO
2663.png,05_DEBRIS
2664.png,08_EMPTY
2665.png,04_LYMPHO
2666.png,03_COMPLEX
2667.png,02_STROMA
2668.png,03_COMPLEX
2669.png,04_LYMPHO
2670.png,07_ADIPOSE
2671.png,03_COMPLEX
2672.png,01_TUMOR
2673.png,07_ADIPOSE
2674.png,04_LYMPHO
2675.png,06_MUCOSA
2676.png,02_STROMA
2677.png,03_COMPLEX
2678.png,05_DEBRIS
2679.png,06_MUCOSA
2680.png,01_TUMOR
2681.png,04_LYMPHO
2682.png,03_COMPLEX
2683.png,01_TUMOR
2684.png,03_COMPLEX
2685.png,02_STROMA
2686.png,02_STROMA
2687.png,07_ADIPOSE
2688.png,04_LYMPHO
2689.png,08_EMPTY
2690.png,07_ADIPOSE
2691.png,03_COMPLEX
2692.png,06_MUCOSA
2693.png,08_EMPTY
2694.png,03_COMPLEX
2695.png,06_MUCOSA
2696.png,07_ADIPOSE
2697.png,06_MUCOSA
2698.png,06_MUCOSA
2699.png,02_STROMA
2700.png,04_LYMPHO
2701.png,01_TUMOR
2702.png,06_MUCOSA
2703.png,01_TUMOR
2704.png,02_STROMA
2705.png,05_DEBRIS
2706.png,05_DEBRIS
2707.png,06_MUCOSA
2708.png,07_ADIPOSE
2709.png,05_DEBRIS
2710.png,07_ADIPOSE
2711.png,03_COMPLEX
2712.png,01_TUMOR
2713.png,04_LYMPHO
2714.png,04_LYMPHO
2715.png,02_STROMA
2716.png,06_MUCOSA
2717.png,04_LYMPHO
2718.png,06_MUCOSA
2719.png,01_TUMOR
2720.png,01_TUMOR
2721.png,03_COMPLEX
2722.png,07_ADIPOSE
2723.png,02_STROMA
2724.png,05_DEBRIS
2725.png,08_EMPTY
2726.png,06_MUCOSA
2727.png,03_COMPLEX
2728.png,07_ADIPOSE
2729.png,06_MUCOSA
2730.png,07_ADIPOSE
2731.png,02_STROMA
2732.png,07_ADIPOSE
2733.png,06_MUCOSA
2734.png,04_LYMPHO
2735.png,01_TUMOR
2736.png,05_DEBRIS
2737.png,04_LYMPHO
2738.png,04_LYMPHO
2739.png,01_TUMOR
2740.png,02_STROMA
2741.png,03_COMPLEX
2742.png,07_ADIPOSE
2743.png,03_COMPLEX
2744.png,04_LYMPHO
2745.png,02_STROMA
2746.png,03_COMPLEX
2747.png,04_LYMPHO
2748.png,04_LYMPHO
2749.png,05_DEBRIS
2750.png,04_LYMPHO
2751.png,06_MUCOSA
2752.png,02_STROMA
2753.png,03_COMPLEX
2754.png,01_TUMOR
2755.png,05_DEBRIS
2756.png,03_COMPLEX
2757.png,02_STROMA
2758.png,08_EMPTY
2759.png,03_COMPLEX
2760.png,08_EMPTY
2761.png,05_DEBRIS
2762.png,01_TUMOR
2763.png,08_EMPTY
2764.png,08_EMPTY
2765.png,06_MUCOSA
2766.png,04_LYMPHO
2767.png,06_MUCOSA
2768.png,05_DEBRIS
2769.png,05_DEBRIS
2770.png,07_ADIPOSE
2771.png,05_DEBRIS
2772.png,01_TUMOR
2773.png,02_STROMA
2774.png,08_EMPTY
2775.png,04_LYMPHO
2776.png,06_MUCOSA
2777.png,02_STROMA
2778.png,08_EMPTY
2779.png,08_EMPTY
2780.png,01_TUMOR
2781.png,07_ADIPOSE
2782.png,08_EMPTY
2783.png,06_MUCOSA
2784.png,02_STROMA
2785.png,05_DEBRIS
2786.png,06_MUCOSA
2787.png,03_COMPLEX
2788.png,05_DEBRIS
2789.png,04_LYMPHO
2790.png,05_DEBRIS
2791.png,01_TUMOR
2792.png,06_MUCOSA
2793.png,03_COMPLEX
2794.png,07_ADIPOSE
2795.png,06_MUCOSA
2796.png,02_STROMA
2797.png,01_TUMOR
2798.png,08_EMPTY
2799.png,08_EMPTY
2800.png,03_COMPLEX
2801.png,02_STROMA
2802.png,07_ADIPOSE
2803.png,07_ADIPOSE
2804.png,05_DEBRIS
2805.png,08_EMPTY
2806.png,03_COMPLEX
2807.png,04_LYMPHO
2808.png,02_STROMA
2809.png,02_STROMA
2810.png,01_TUMOR
2811.png,01_TUMOR
2812.png,05_DEBRIS
2813.png,01_TUMOR
2814.png,06_MUCOSA
2815.png,06_MUCOSA
2816.png,08_EMPTY
2817.png,03_COMPLEX
2818.png,06_MUCOSA
2819.png,06_MUCOSA
2820.png,08_EMPTY
2821.png,04_LYMPHO
2822.png,03_COMPLEX
2823.png,08_EMPTY
2824.png,07_ADIPOSE
2825.png,02_STROMA
2826.png,01_TUMOR
2827.png,01_TUMOR
2828.png,03_COMPLEX
2829.png,03_COMPLEX
2830.png,01_TUMOR
2831.png,06_MUCOSA
2832.png,08_EMPTY
2833.png,07_ADIPOSE
2834.png,08_EMPTY
2835.png,08_EMPTY
2836.png,03_COMPLEX
2837.png,02_STROMA
2838.png,06_MUCOSA
2839.png,03_COMPLEX
2840.png,04_LYMPHO
2841.png,03_COMPLEX
2842.png,07_ADIPOSE
2843.png,04_LYMPHO
2844.png,03_COMPLEX
2845.png,01_TUMOR
2846.png,07_ADIPOSE
2847.png,01_TUMOR
2848.png,06_MUCOSA
2849.png,06_MUCOSA
2850.png,05_DEBRIS
2851.png,01_TUMOR
2852.png,05_DEBRIS
2853.png,03_COMPLEX
2854.png,03_COMPLEX
2855.png,04_LYMPHO
2856.png,05_DEBRIS
2857.png,07_ADIPOSE
2858.png,07_ADIPOSE
2859.png,02_STROMA
2860.png,06_MUCOSA
2861.png,01_TUMOR
2862.png,04_LYMPHO
2863.png,07_ADIPOSE
2864.png,06_MUCOSA
2865.png,04_LYMPHO
2866.png,07_ADIPOSE
2867.png,07_ADIPOSE
2868.png,03_COMPLEX
2869.png,01_TUMOR
2870.png,07_ADIPOSE
2871.png,03_COMPLEX
2872.png,02_STROMA
2873.png,07_ADIPOSE
2874.png,07_ADIPOSE
2875.png,03_COMPLEX
2876.png,02_STROMA
2877.png,02_STROMA
2878.png,05_DEBRIS
2879.png,06_MUCOSA
2880.png,02_STROMA
2881.png,06_MUCOSA
2882.png,06_MUCOSA
2883.png,07_ADIPOSE
2884.png,05_DEBRIS
2885.png,01_TUMOR
2886.png,08_EMPTY
2887.png,08_EMPTY
2888.png,02_STROMA
2889.png,04_LYMPHO
2890.png,06_MUCOSA
2891.png,07_ADIPOSE
2892.png,06_MUCOSA
2893.png,01_TUMOR
2894.png,03_COMPLEX
2895.png,05_DEBRIS
2896.png,05_DEBRIS
2897.png,03_COMPLEX
2898.png,06_MUCOSA
2899.png,06_MUCOSA
2900.png,06_MUCOSA
2901.png,05_DEBRIS
2902.png,07_ADIPOSE
2903.png,01_TUMOR
2904.png,06_MUCOSA
2905.png,03_COMPLEX
2906.png,04_LYMPHO
2907.png,07_ADIPOSE
2908.png,03_COMPLEX
2909.png,08_EMPTY
2910.png,02_STROMA
2911.png,08_EMPTY
2912.png,04_LYMPHO
2913.png,03_COMPLEX
2914.png,08_EMPTY
2915.png,04_LYMPHO
2916.png,05_DEBRIS
2917.png,01_TUMOR
2918.png,01_TUMOR
2919.png,03_COMPLEX
2920.png,04_LYMPHO
2921.png,07_ADIPOSE
2922.png,04_LYMPHO
2923.png,01_TUMOR
2924.png,01_TUMOR
2925.png,07_ADIPOSE
2926.png,07_ADIPOSE
2927.png,06_MUCOSA
2928.png,04_LYMPHO
2929.png,03_COMPLEX
2930.png,02_STROMA
2931.png,07_ADIPOSE
2932.png,03_COMPLEX
2933.png,03_COMPLEX
2934.png,06_MUCOSA
2935.png,06_MUCOSA
2936.png,04_LYMPHO
2937.png,08_EMPTY
2938.png,07_ADIPOSE
2939.png,01_TUMOR
2940.png,04_LYMPHO
2941.png,04_LYMPHO
2942.png,07_ADIPOSE
2943.png,02_STROMA
2944.png,06_MUCOSA
2945.png,02_STROMA
2946.png,03_COMPLEX
2947.png,06_MUCOSA
2948.png,05_DEBRIS
2949.png,05_DEBRIS
2950.png,04_LYMPHO
2951.png,01_TUMOR
2952.png,06_MUCOSA
2953.png,05_DEBRIS
2954.png,06_MUCOSA
2955.png,05_DEBRIS
2956.png,03_COMPLEX
2957.png,03_COMPLEX
2958.png,01_TUMOR
2959.png,03_COMPLEX
2960.png,04_LYMPHO
2961.png,03_COMPLEX
2962.png,05_DEBRIS
2963.png,08_EMPTY
2964.png,04_LYMPHO
2965.png,02_STROMA
2966.png,07_ADIPOSE
2967.png,04_LYMPHO
2968.png,04_LYMPHO
2969.png,07_ADIPOSE
2970.png,03_COMPLEX
2971.png,01_TUMOR
2972.png,07_ADIPOSE
2973.png,02_STROMA
2974.png,03_COMPLEX
2975.png,02_STROMA
2976.png,03_COMPLEX
2977.png,05_DEBRIS
2978.png,07_ADIPOSE
2979.png,07_ADIPOSE
2980.png,01_TUMOR
2981.png,01_TUMOR
2982.png,08_EMPTY
2983.png,05_DEBRIS
2984.png,02_STROMA
2985.png,01_TUMOR
2986.png,02_STROMA
2987.png,07_ADIPOSE
2988.png,08_EMPTY
2989.png,05_DEBRIS
2990.png,02_STROMA
2991.png,01_TUMOR
2992.png,03_COMPLEX
2993.png,01_TUMOR
2994.png,02_STROMA
2995.png,07_ADIPOSE
2996.png,07_ADIPOSE
2997.png,06_MUCOSA
2998.png,05_DEBRIS
2999.png,07_ADIPOSE
3000.png,08_EMPTY
3001.png,03_COMPLEX
3002.png,03_COMPLEX
3003.png,04_LYMPHO
3004.png,01_TUMOR
3005.png,04_LYMPHO
3006.png,07_ADIPOSE
3007.png,02_STROMA
3008.png,05_DEBRIS
3009.png,01_TUMOR
3010.png,07_ADIPOSE
3011.png,04_LYMPHO
3012.png,04_LYMPHO
3013.png,04_LYMPHO
3014.png,07_ADIPOSE
3015.png,04_LYMPHO
3016.png,02_STROMA
3017.png,05_DEBRIS
3018.png,04_LYMPHO
3019.png,05_DEBRIS
3020.png,05_DEBRIS
3021.png,06_MUCOSA
3022.png,04_LYMPHO
3023.png,04_LYMPHO
3024.png,08_EMPTY
3025.png,02_STROMA
3026.png,03_COMPLEX
3027.png,03_COMPLEX
3028.png,03_COMPLEX
3029.png,01_TUMOR
3030.png,08_EMPTY
3031.png,06_MUCOSA
3032.png,03_COMPLEX
3033.png,03_COMPLEX
3034.png,01_TUMOR
3035.png,08_EMPTY
3036.png,05_DEBRIS
3037.png,02_STROMA
3038.png,04_LYMPHO
3039.png,02_STROMA
3040.png,04_LYMPHO
3041.png,06_MUCOSA
3042.png,03_COMPLEX
3043.png,07_ADIPOSE
3044.png,04_LYMPHO
3045.png,03_COMPLEX
3046.png,05_DEBRIS
3047.png,07_ADIPOSE
3048.png,03_COMPLEX
3049.png,07_ADIPOSE
3050.png,02_STROMA
3051.png,05_DEBRIS
3052.png,04_LYMPHO
3053.png,01_TUMOR
3054.png,08_EMPTY
3055.png,02_STROMA
3056.png,07_ADIPOSE
3057.png,08_EMPTY
3058.png,04_LYMPHO
3059.png,03_COMPLEX
3060.png,02_STROMA
3061.png,08_EMPTY
3062.png,02_STROMA
3063.png,02_STROMA
3064.png,02_STROMA
3065.png,02_STROMA
3066.png,08_EMPTY
3067.png,06_MUCOSA
3068.png,02_STROMA
3069.png,01_TUMOR
3070.png,05_DEBRIS
3071.png,05_DEBRIS
3072.png,08_EMPTY
3073.png,01_TUMOR
3074.png,08_EMPTY
3075.png,08_EMPTY
3076.png,04_LYMPHO
3077.png,04_LYMPHO
3078.png,03_COMPLEX
3079.png,08_EMPTY
3080.png,01_TUMOR
3081.png,04_LYMPHO
3082.png,01_TUMOR
3083.png,05_DEBRIS
3084.png,03_COMPLEX
3085.png,05_DEBRIS
3086.png,08_EMPTY
3087.png,06_MUCOSA
3088.png,05_DEBRIS
3089.png,05_DEBRIS
3090.png,04_LYMPHO
3091.png,01_TUMOR
3092.png,07_ADIPOSE
3093.png,02_STROMA
3094.png,08_EMPTY
3095.png,03_COMPLEX
3096.png,07_ADIPOSE
3097.png,07_ADIPOSE
3098.png,04_LYMPHO
3099.png,02_STROMA
3100.png,06_MUCOSA
3101.png,05_DEBRIS
3102.png,04_LYMPHO
3103.png,01_TUMOR
3104.png,02_STROMA
3105.png,02_STROMA
3106.png,06_MUCOSA
3107.png,07_ADIPOSE
3108.png,06_MUCOSA
3109.png,04_LYMPHO
3110.png,08_EMPTY
3111.png,07_ADIPOSE
3112.png,02_STROMA
3113.png,05_DEBRIS
3114.png,06_MUCOSA
3115.png,02_STROMA
3116.png,06_MUCOSA
3117.png,04_LYMPHO
3118.png,02_STROMA
3119.png,07_ADIPOSE
3120.png,05_DEBRIS
3121.png,06_MUCOSA
3122.png,03_COMPLEX
3123.png,08_EMPTY
3124.png,07_ADIPOSE
3125.png,01_TUMOR
3126.png,03_COMPLEX
3127.png,04_LYMPHO
3128.png,02_STROMA
3129.png,03_COMPLEX
3130.png,03_COMPLEX
3131.png,03_COMPLEX
3132.png,08_EMPTY
3133.png,04_LYMPHO
3134.png,02_STROMA
3135.png,02_STROMA
3136.png,08_EMPTY
3137.png,03_COMPLEX
3138.png,04_LYMPHO
3139.png,02_STROMA
3140.png,04_LYMPHO
3141.png,06_MUCOSA
3142.png,02_STROMA
3143.png,05_DEBRIS
3144.png,07_ADIPOSE
3145.png,05_DEBRIS
3146.png,07_ADIPOSE
3147.png,07_ADIPOSE
3148.png,03_COMPLEX
3149.png,05_DEBRIS
3150.png,08_EMPTY
3151.png,07_ADIPOSE
3152.png,04_LYMPHO
3153.png,02_STROMA
3154.png,03_COMPLEX
3155.png,02_STROMA
3156.png,08_EMPTY
3157.png,04_LYMPHO
3158.png,06_MUCOSA
3159.png,05_DEBRIS
3160.png,06_MUCOSA
3161.png,03_COMPLEX
3162.png,07_ADIPOSE
3163.png,02_STROMA
3164.png,03_COMPLEX
3165.png,05_DEBRIS
3166.png,03_COMPLEX
3167.png,04_LYMPHO
3168.png,02_STROMA
3169.png,08_EMPTY
3170.png,01_TUMOR
3171.png,07_ADIPOSE
3172.png,01_TUMOR
3173.png,06_MUCOSA
3174.png,04_LYMPHO
3175.png,06_MUCOSA
3176.png,08_EMPTY
3177.png,08_EMPTY
3178.png,06_MUCOSA
3179.png,07_ADIPOSE
3180.png,05_DEBRIS
3181.png,02_STROMA
3182.png,02_STROMA
3183.png,06_MUCOSA
3184.png,05_DEBRIS
3185.png,04_LYMPHO
3186.png,01_TUMOR
3187.png,05_DEBRIS
3188.png,02_STROMA
3189.png,08_EMPTY
3190.png,07_ADIPOSE
3191.png,04_LYMPHO
3192.png,07_ADIPOSE
3193.png,07_ADIPOSE
3194.png,05_DEBRIS
3195.png,02_STROMA
3196.png,08_EMPTY
3197.png,06_MUCOSA
3198.png,05_DEBRIS
3199.png,03_COMPLEX
3200.png,05_DEBRIS
3201.png,07_ADIPOSE
3202.png,04_LYMPHO
3203.png,06_MUCOSA
3204.png,07_ADIPOSE
3205.png,05_DEBRIS
3206.png,01_TUMOR
3207.png,08_EMPTY
3208.png,03_COMPLEX
3209.png,01_TUMOR
3210.png,07_ADIPOSE
3211.png,05_DEBRIS
3212.png,01_TUMOR
3213.png,01_TUMOR
3214.png,06_MUCOSA
3215.png,08_EMPTY
3216.png,01_TUMOR
3217.png,08_EMPTY
3218.png,01_TUMOR
3219.png,07_ADIPOSE
3220.png,02_STROMA
3221.png,08_EMPTY
3222.png,08_EMPTY
3223.png,08_EMPTY
3224.png,07_ADIPOSE
3225.png,03_COMPLEX
3226.png,05_DEBRIS
3227.png,07_ADIPOSE
3228.png,04_LYMPHO
3229.png,06_MUCOSA
3230.png,07_ADIPOSE
3231.png,08_EMPTY
3232.png,02_STROMA
3233.png,04_LYMPHO
3234.png,07_ADIPOSE
3235.png,06_MUCOSA
3236.png,04_LYMPHO
3237.png,06_MUCOSA
3238.png,03_COMPLEX
3239.png,05_DEBRIS
3240.png,01_TUMOR
3241.png,06_MUCOSA
3242.png,08_EMPTY
3243.png,01_TUMOR
3244.png,03_COMPLEX
3245.png,06_MUCOSA
3246.png,02_STROMA
3247.png,05_DEBRIS
3248.png,07_ADIPOSE
3249.png,02_STROMA
3250.png,06_MUCOSA
3251.png,04_LYMPHO
3252.png,06_MUCOSA
3253.png,03_COMPLEX
3254.png,06_MUCOSA
3255.png,03_COMPLEX
3256.png,05_DEBRIS
3257.png,03_COMPLEX
3258.png,02_STROMA
3259.png,01_TUMOR
3260.png,07_ADIPOSE
3261.png,06_MUCOSA
3262.png,06_MUCOSA
3263.png,02_STROMA
3264.png,04_LYMPHO
3265.png,08_EMPTY
3266.png,04_LYMPHO
3267.png,04_LYMPHO
3268.png,04_LYMPHO
3269.png,05_DEBRIS
3270.png,01_TUMOR
3271.png,02_STROMA
3272.png,01_TUMOR
3273.png,01_TUMOR
3274.png,07_ADIPOSE
3275.png,05_DEBRIS
3276.png,03_COMPLEX
3277.png,07_ADIPOSE
3278.png,03_COMPLEX
3279.png,08_EMPTY
3280.png,01_TUMOR
3281.png,06_MUCOSA
3282.png,06_MUCOSA
3283.png,01_TUMOR
3284.png,02_STROMA
3285.png,05_DEBRIS
3286.png,05_DEBRIS
3287.png,06_MUCOSA
3288.png,04_LYMPHO
3289.png,01_TUMOR
3290.png,03_COMPLEX
3291.png,06_MUCOSA
3292.png,08_EMPTY
3293.png,04_LYMPHO
3294.png,04_LYMPHO
3295.png,08_EMPTY
3296.png,06_MUCOSA
3297.png,05_DEBRIS
3298.png,07_ADIPOSE
3299.png,04_LYMPHO
3300.png,04_LYMPHO
3301.png,03_COMPLEX
3302.png,02_STROMA
3303.png,03_COMPLEX
3304.png,07_ADIPOSE
3305.png,04_LYMPHO
3306.png,07_ADIPOSE
3307.png,02_STROMA
3308.png,01_TUMOR
3309.png,06_MUCOSA
3310.png,03_COMPLEX
3311.png,08_EMPTY
3312.png,05_DEBRIS
3313.png,05_DEBRIS
3314.png,08_EMPTY
3315.png,01_TUMOR
3316.png,01_TUMOR
3317.png,04_LYMPHO
3318.png,08_EMPTY
3319.png,02_STROMA
3320.png,06_MUCOSA
3321.png,04_LYMPHO
3322.png,08_EMPTY
3323.png,06_MUCOSA
3324.png,06_MUCOSA
3325.png,08_EMPTY
3326.png,06_MUCOSA
3327.png,08_EMPTY
3328.png,03_COMPLEX
3329.png,02_STROMA
3330.png,05_DEBRIS
3331.png,07_ADIPOSE
3332.png,03_COMPLEX
3333.png,01_TUMOR
3334.png,02_STROMA
3335.png,01_TUMOR
3336.png,03_COMPLEX
3337.png,06_MUCOSA
3338.png,06_MUCOSA
3339.png,08_EMPTY
3340.png,05_DEBRIS
3341.png,08_EMPTY
3342.png,06_MUCOSA
3343.png,01_TUMOR
3344.png,07_ADIPOSE
3345.png,03_COMPLEX
3346.png,02_STROMA
3347.png,05_DEBRIS
3348.png,07_ADIPOSE
3349.png,01_TUMOR
3350.png,07_ADIPOSE
3351.png,06_MUCOSA
3352.png,01_TUMOR
3353.png,02_STROMA
3354.png,07_ADIPOSE
3355.png,02_STROMA
3356.png,08_EMPTY
3357.png,08_EMPTY
3358.png,01_TUMOR
3359.png,04_LYMPHO
3360.png,08_EMPTY
3361.png,07_ADIPOSE
3362.png,02_STROMA
3363.png,08_EMPTY
3364.png,03_COMPLEX
3365.png,06_MUCOSA
3366.png,08_EMPTY
3367.png,05_DEBRIS
3368.png,07_ADIPOSE
3369.png,04_LYMPHO
3370.png,08_EMPTY
3371.png,05_DEBRIS
3372.png,08_EMPTY
3373.png,04_LYMPHO
3374.png,08_EMPTY
3375.png,02_STROMA
3376.png,03_COMPLEX
3377.png,03_COMPLEX
3378.png,03_COMPLEX
3379.png,01_TUMOR
3380.png,07_ADIPOSE
3381.png,01_TUMOR
3382.png,06_MUCOSA
3383.png,04_LYMPHO
3384.png,01_TUMOR
3385.png,06_MUCOSA
3386.png,07_ADIPOSE
3387.png,03_COMPLEX
3388.png,06_MUCOSA
3389.png,05_DEBRIS
3390.png,06_MUCOSA
3391.png,04_LYMPHO
3392.png,05_DEBRIS
3393.png,03_COMPLEX
3394.png,05_DEBRIS
3395.png,06_MUCOSA
3396.png,04_LYMPHO
3397.png,08_EMPTY
3398.png,01_TUMOR
3399.png,05_DEBRIS
3400.png,05_DEBRIS
3401.png,01_TUMOR
3402.png,06_MUCOSA
3403.png,01_TUMOR
3404.png,08_EMPTY
3405.png,02_STROMA
3406.png,06_MUCOSA
3407.png,02_STROMA
3408.png,01_TUMOR
3409.png,02_STROMA
3410.png,06_MUCOSA
3411.png,02_STROMA
3412.png,02_STROMA
3413.png,08_EMPTY
3414.png,04_LYMPHO
3415.png,01_TUMOR
3416.png,03_COMPLEX
3417.png,06_MUCOSA
3418.png,05_DEBRIS
3419.png,06_MUCOSA
3420.png,05_DEBRIS
3421.png,02_STROMA
3422.png,08_EMPTY
3423.png,07_ADIPOSE
3424.png,07_ADIPOSE
3425.png,01_TUMOR
3426.png,08_EMPTY
3427.png,01_TUMOR
3428.png,05_DEBRIS
3429.png,06_MUCOSA
3430.png,08_EMPTY
3431.png,04_LYMPHO
3432.png,07_ADIPOSE
3433.png,06_MUCOSA
3434.png,07_ADIPOSE
3435.png,07_ADIPOSE
3436.png,08_EMPTY
3437.png,06_MUCOSA
3438.png,02_STROMA
3439.png,01_TUMOR
3440.png,06_MUCOSA
3441.png,04_LYMPHO
3442.png,05_DEBRIS
3443.png,04_LYMPHO
3444.png,08_EMPTY
3445.png,04_LYMPHO
3446.png,03_COMPLEX
3447.png,07_ADIPOSE
3448.png,06_MUCOSA
3449.png,05_DEBRIS
3450.png,08_EMPTY
3451.png,05_DEBRIS
3452.png,02_STROMA
3453.png,06_MUCOSA
3454.png,02_STROMA
3455.png,03_COMPLEX
3456.png,01_TUMOR
3457.png,02_STROMA
3458.png,04_LYMPHO
3459.png,06_MUCOSA
3460.png,06_MUCOSA
3461.png,02_STROMA
3462.png,04_LYMPHO
3463.png,02_STROMA
3464.png,01_TUMOR
3465.png,01_TUMOR
3466.png,01_TUMOR
3467.png,01_TUMOR
3468.png,08_EMPTY
3469.png,03_COMPLEX
3470.png,06_MUCOSA
3471.png,04_LYMPHO
3472.png,04_LYMPHO
3473.png,01_TUMOR
3474.png,06_MUCOSA
3475.png,06_MUCOSA
3476.png,06_MUCOSA
3477.png,07_ADIPOSE
3478.png,05_DEBRIS
3479.png,04_LYMPHO
3480.png,06_MUCOSA
3481.png,02_STROMA
3482.png,02_STROMA
3483.png,04_LYMPHO
3484.png,04_LYMPHO
3485.png,05_DEBRIS
3486.png,05_DEBRIS
3487.png,07_ADIPOSE
3488.png,01_TUMOR
3489.png,02_STROMA
3490.png,08_EMPTY
3491.png,02_STROMA
3492.png,07_ADIPOSE
3493.png,01_TUMOR
3494.png,03_COMPLEX
3495.png,03_COMPLEX
3496.png,07_ADIPOSE
3497.png,04_LYMPHO
3498.png,07_ADIPOSE
3499.png,03_COMPLEX
3500.png,02_STROMA
3501.png,04_LYMPHO
3502.png,07_ADIPOSE
3503.png,04_LYMPHO
3504.png,02_STROMA
3505.png,05_DEBRIS
3506.png,01_TUMOR
3507.png,08_EMPTY
3508.png,01_TUMOR
3509.png,05_DEBRIS
3510.png,05_DEBRIS
3511.png,08_EMPTY
3512.png,03_COMPLEX
3513.png,07_ADIPOSE
3514.png,01_TUMOR
3515.png,02_STROMA
3516.png,05_DEBRIS
3517.png,04_LYMPHO
3518.png,01_TUMOR
3519.png,03_COMPLEX
3520.png,05_DEBRIS
3521.png,08_EMPTY
3522.png,03_COMPLEX
3523.png,06_MUCOSA
3524.png,06_MUCOSA
3525.png,02_STROMA
3526.png,01_TUMOR
3527.png,03_COMPLEX
3528.png,01_TUMOR
3529.png,08_EMPTY
3530.png,03_COMPLEX
3531.png,05_DEBRIS
3532.png,07_ADIPOSE
3533.png,08_EMPTY
3534.png,04_LYMPHO
3535.png,01_TUMOR
3536.png,06_MUCOSA
3537.png,06_MUCOSA
3538.png,04_LYMPHO
3539.png,03_COMPLEX
3540.png,04_LYMPHO
3541.png,06_MUCOSA
3542.png,05_DEBRIS
3543.png,05_DEBRIS
3544.png,07_ADIPOSE
3545.png,01_TUMOR
3546.png,07_ADIPOSE
3547.png,04_LYMPHO
3548.png,07_ADIPOSE
3549.png,08_EMPTY
3550.png,08_EMPTY
3551.png,08_EMPTY
3552.png,06_MUCOSA
3553.png,02_STROMA
3554.png,07_ADIPOSE
3555.png,04_LYMPHO
3556.png,03_COMPLEX
3557.png,01_TUMOR
3558.png,03_COMPLEX
3559.png,05_DEBRIS
3560.png,04_LYMPHO
3561.png,03_COMPLEX
3562.png,06_MUCOSA
3563.png,03_COMPLEX
3564.png,04_LYMPHO
3565.png,07_ADIPOSE
3566.png,01_TUMOR
3567.png,04_LYMPHO
3568.png,03_COMPLEX
3569.png,06_MUCOSA
3570.png,06_MUCOSA
3571.png,04_LYMPHO
3572.png,07_ADIPOSE
3573.png,01_TUMOR
3574.png,08_EMPTY
3575.png,04_LYMPHO
3576.png,04_LYMPHO
3577.png,04_LYMPHO
3578.png,08_EMPTY
3579.png,05_DEBRIS
3580.png,05_DEBRIS
3581.png,01_TUMOR
3582.png,02_STROMA
3583.png,06_MUCOSA
3584.png,05_DEBRIS
3585.png,06_MUCOSA
3586.png,04_LYMPHO
3587.png,04_LYMPHO
3588.png,01_TUMOR
3589.png,07_ADIPOSE
3590.png,05_DEBRIS
3591.png,07_ADIPOSE
3592.png,05_DEBRIS
3593.png,01_TUMOR
3594.png,01_TUMOR
3595.png,05_DEBRIS
3596.png,04_LYMPHO
3597.png,02_STROMA
3598.png,01_TUMOR
3599.png,01_TUMOR
3600.png,02_STROMA
3601.png,03_COMPLEX
3602.png,05_DEBRIS
3603.png,05_DEBRIS
3604.png,02_STROMA
3605.png,06_MUCOSA
3606.png,08_EMPTY
3607.png,02_STROMA
3608.png,01_TUMOR
3609.png,06_MUCOSA
3610.png,06_MUCOSA
3611.png,04_LYMPHO
3612.png,06_MUCOSA
3613.png,01_TUMOR
3614.png,08_EMPTY
3615.png,03_COMPLEX
3616.png,01_TUMOR
3617.png,05_DEBRIS
3618.png,06_MUCOSA
3619.png,05_DEBRIS
3620.png,03_COMPLEX
3621.png,07_ADIPOSE
3622.png,07_ADIPOSE
3623.png,04_LYMPHO
3624.png,04_LYMPHO
3625.png,03_COMPLEX
3626.png,01_TUMOR
3627.png,01_TUMOR
3628.png,07_ADIPOSE
3629.png,01_TUMOR
3630.png,04_LYMPHO
3631.png,08_EMPTY
3632.png,01_TUMOR
3633.png,03_COMPLEX
3634.png,08_EMPTY
3635.png,01_TUMOR
3636.png,06_MUCOSA
3637.png,03_COMPLEX
3638.png,07_ADIPOSE
3639.png,08_EMPTY
3640.png,03_COMPLEX
3641.png,02_STROMA
3642.png,07_ADIPOSE
3643.png,05_DEBRIS
3644.png,01_TUMOR
3645.png,01_TUMOR
3646.png,01_TUMOR
3647.png,07_ADIPOSE
3648.png,08_EMPTY
3649.png,04_LYMPHO
3650.png,06_MUCOSA
3651.png,05_DEBRIS
3652.png,05_DEBRIS
3653.png,08_EMPTY
3654.png,02_STROMA
3655.png,07_ADIPOSE
3656.png,06_MUCOSA
3657.png,01_TUMOR
3658.png,04_LYMPHO
3659.png,01_TUMOR
3660.png,07_ADIPOSE
3661.png,07_ADIPOSE
3662.png,02_STROMA
3663.png,02_STROMA
3664.png,01_TUMOR
3665.png,04_LYMPHO
3666.png,07_ADIPOSE
3667.png,03_COMPLEX
3668.png,08_EMPTY
3669.png,04_LYMPHO
3670.png,03_COMPLEX
3671.png,02_STROMA
3672.png,05_DEBRIS
3673.png,02_STROMA
3674.png,01_TUMOR
3675.png,08_EMPTY
3676.png,03_COMPLEX
3677.png,08_EMPTY
3678.png,07_ADIPOSE
3679.png,05_DEBRIS
3680.png,06_MUCOSA
3681.png,02_STROMA
3682.png,08_EMPTY
3683.png,04_LYMPHO
3684.png,08_EMPTY
3685.png,07_ADIPOSE
3686.png,06_MUCOSA
3687.png,06_MUCOSA
3688.png,05_DEBRIS
3689.png,06_MUCOSA
3690.png,06_MUCOSA
3691.png,01_TUMOR
3692.png,04_LYMPHO
3693.png,08_EMPTY
3694.png,03_COMPLEX
3695.png,07_ADIPOSE
3696.png,03_COMPLEX
3697.png,05_DEBRIS
3698.png,01_TUMOR
3699.png,07_ADIPOSE
3700.png,05_DEBRIS
3701.png,08_EMPTY
3702.png,02_STROMA
3703.png,07_ADIPOSE
3704.png,01_TUMOR
3705.png,05_DEBRIS
3706.png,07_ADIPOSE
3707.png,03_COMPLEX
3708.png,05_DEBRIS
3709.png,03_COMPLEX
3710.png,05_DEBRIS
3711.png,01_TUMOR
3712.png,06_MUCOSA
3713.png,01_TUMOR
3714.png,07_ADIPOSE
3715.png,06_MUCOSA
3716.png,01_TUMOR
3717.png,06_MUCOSA
3718.png,06_MUCOSA
3719.png,05_DEBRIS
3720.png,08_EMPTY
3721.png,02_STROMA
3722.png,05_DEBRIS
3723.png,07_ADIPOSE
3724.png,05_DEBRIS
3725.png,03_COMPLEX
3726.png,06_MUCOSA
3727.png,08_EMPTY
3728.png,06_MUCOSA
3729.png,06_MUCOSA
3730.png,08_EMPTY
3731.png,04_LYMPHO
3732.png,04_LYMPHO
3733.png,05_DEBRIS
3734.png,02_STROMA
3735.png,08_EMPTY
3736.png,02_STROMA
3737.png,07_ADIPOSE
3738.png,06_MUCOSA
3739.png,03_COMPLEX
3740.png,06_MUCOSA
3741.png,01_TUMOR
3742.png,03_COMPLEX
3743.png,07_ADIPOSE
3744.png,04_LYMPHO
3745.png,01_TUMOR
3746.png,07_ADIPOSE
3747.png,03_COMPLEX
3748.png,01_TUMOR
3749.png,07_ADIPOSE
3750.png,01_TUMOR
3751.png,01_TUMOR
3752.png,08_EMPTY
3753.png,04_LYMPHO
3754.png,01_TUMOR
3755.png,03_COMPLEX
3756.png,02_STROMA
3757.png,07_ADIPOSE
3758.png,03_COMPLEX
3759.png,01_TUMOR
3760.png,05_DEBRIS
3761.png,08_EMPTY
3762.png,03_COMPLEX
3763.png,01_TUMOR
3764.png,05_DEBRIS
3765.png,03_COMPLEX
3766.png,02_STROMA
3767.png,03_COMPLEX
3768.png,03_COMPLEX
3769.png,04_LYMPHO
3770.png,01_TUMOR
3771.png,02_STROMA
3772.png,05_DEBRIS
3773.png,05_DEBRIS
3774.png,05_DEBRIS
3775.png,08_EMPTY
3776.png,07_ADIPOSE
3777.png,01_TUMOR
3778.png,04_LYMPHO
3779.png,07_ADIPOSE
3780.png,01_TUMOR
3781.png,04_LYMPHO
3782.png,03_COMPLEX
3783.png,02_STROMA
3784.png,07_ADIPOSE
3785.png,01_TUMOR
3786.png,07_ADIPOSE
3787.png,06_MUCOSA
3788.png,05_DEBRIS
3789.png,06_MUCOSA
3790.png,06_MUCOSA
3791.png,03_COMPLEX
3792.png,01_TUMOR
3793.png,08_EMPTY
3794.png,08_EMPTY
3795.png,06_MUCOSA
3796.png,04_LYMPHO
3797.png,02_STROMA
3798.png,02_STROMA
3799.png,08_EMPTY
3800.png,03_COMPLEX
3801.png,03_COMPLEX
3802.png,04_LYMPHO
3803.png,08_EMPTY
3804.png,07_ADIPOSE
3805.png,06_MUCOSA
3806.png,04_LYMPHO
3807.png,02_STROMA
3808.png,08_EMPTY
3809.png,08_EMPTY
3810.png,01_TUMOR
3811.png,04_LYMPHO
3812.png,07_ADIPOSE
3813.png,01_TUMOR
3814.png,08_EMPTY
3815.png,03_COMPLEX
3816.png,03_COMPLEX
3817.png,08_EMPTY
3818.png,07_ADIPOSE
3819.png,08_EMPTY
3820.png,08_EMPTY
3821.png,01_TUMOR
3822.png,04_LYMPHO
3823.png,06_MUCOSA
3824.png,06_MUCOSA
3825.png,03_COMPLEX
3826.png,04_LYMPHO
3827.png,02_STROMA
3828.png,05_DEBRIS
3829.png,01_TUMOR
3830.png,02_STROMA
3831.png,06_MUCOSA
3832.png,06_MUCOSA
3833.png,05_DEBRIS
3834.png,03_COMPLEX
3835.png,06_MUCOSA
3836.png,03_COMPLEX
3837.png,05_DEBRIS
3838.png,02_STROMA
3839.png,02_STROMA
3840.png,08_EMPTY
3841.png,06_MUCOSA
3842.png,07_ADIPOSE
3843.png,01_TUMOR
3844.png,03_COMPLEX
3845.png,04_LYMPHO
3846.png,02_STROMA
3847.png,04_LYMPHO
3848.png,08_EMPTY
3849.png,02_STROMA
3850.png,03_COMPLEX
3851.png,03_COMPLEX
3852.png,02_STROMA
3853.png,02_STROMA
3854.png,01_TUMOR
3855.png,08_EMPTY
3856.png,05_DEBRIS
3857.png,02_STROMA
3858.png,08_EMPTY
3859.png,01_TUMOR
3860.png,02_STROMA
3861.png,03_COMPLEX
3862.png,01_TUMOR
3863.png,03_COMPLEX
3864.png,06_MUCOSA
3865.png,02_STROMA
3866.png,07_ADIPOSE
3867.png,07_ADIPOSE
3868.png,03_COMPLEX
3869.png,04_LYMPHO
3870.png,06_MUCOSA
3871.png,05_DEBRIS
3872.png,01_TUMOR
3873.png,04_LYMPHO
3874.png,08_EMPTY
3875.png,08_EMPTY
3876.png,07_ADIPOSE
3877.png,05_DEBRIS
3878.png,06_MUCOSA
3879.png,07_ADIPOSE
3880.png,07_ADIPOSE
3881.png,03_COMPLEX
3882.png,05_DEBRIS
3883.png,08_EMPTY
3884.png,01_TUMOR
3885.png,01_TUMOR
3886.png,02_STROMA
3887.png,01_TUMOR
3888.png,08_EMPTY
3889.png,01_TUMOR
3890.png,04_LYMPHO
3891.png,07_ADIPOSE
3892.png,01_TUMOR
3893.png,03_COMPLEX
3894.png,08_EMPTY
3895.png,01_TUMOR
3896.png,06_MUCOSA
3897.png,02_STROMA
3898.png,03_COMPLEX
3899.png,04_LYMPHO
3900.png,02_STROMA
3901.png,03_COMPLEX
3902.png,05_DEBRIS
3903.png,05_DEBRIS
3904.png,01_TUMOR
3905.png,03_COMPLEX
3906.png,04_LYMPHO
3907.png,02_STROMA
3908.png,04_LYMPHO
3909.png,07_ADIPOSE
3910.png,02_STROMA
3911.png,02_STROMA
3912.png,01_TUMOR
3913.png,01_TUMOR
3914.png,01_TUMOR
3915.png,07_ADIPOSE
3916.png,06_MUCOSA
3917.png,06_MUCOSA
3918.png,08_EMPTY
3919.png,03_COMPLEX
3920.png,06_MUCOSA
3921.png,04_LYMPHO
3922.png,01_TUMOR
3923.png,04_LYMPHO
3924.png,03_COMPLEX
3925.png,05_DEBRIS
3926.png,08_EMPTY
3927.png,07_ADIPOSE
3928.png,03_COMPLEX
3929.png,04_LYMPHO
3930.png,07_ADIPOSE
3931.png,02_STROMA
3932.png,03_COMPLEX
3933.png,04_LYMPHO
3934.png,07_ADIPOSE
3935.png,04_LYMPHO
3936.png,04_LYMPHO
3937.png,03_COMPLEX
3938.png,08_EMPTY
3939.png,07_ADIPOSE
3940.png,05_DEBRIS
3941.png,01_TUMOR
3942.png,01_TUMOR
3943.png,08_EMPTY
3944.png,02_STROMA
3945.png,06_MUCOSA
3946.png,02_STROMA
3947.png,08_EMPTY
3948.png,02_STROMA
3949.png,07_ADIPOSE
3950.png,06_MUCOSA
3951.png,06_MUCOSA
3952.png,04_LYMPHO
3953.png,01_TUMOR
3954.png,04_LYMPHO
3955.png,06_MUCOSA
3956.png,07_ADIPOSE
3957.png,08_EMPTY
3958.png,03_COMPLEX
3959.png,08_EMPTY
3960.png,04_LYMPHO
3961.png,01_TUMOR
3962.png,04_LYMPHO
3963.png,07_ADIPOSE
3964.png,06_MUCOSA
3965.png,07_ADIPOSE
3966.png,01_TUMOR
3967.png,05_DEBRIS
3968.png,04_LYMPHO
3969.png,04_LYMPHO
3970.png,03_COMPLEX
3971.png,06_MUCOSA
3972.png,05_DEBRIS
3973.png,01_TUMOR
3974.png,03_COMPLEX
3975.png,05_DEBRIS
3976.png,07_ADIPOSE
3977.png,03_COMPLEX
3978.png,03_COMPLEX
3979.png,04_LYMPHO
3980.png,02_STROMA
3981.png,04_LYMPHO
3982.png,07_ADIPOSE
3983.png,07_ADIPOSE
3984.png,04_LYMPHO
3985.png,04_LYMPHO
3986.png,04_LYMPHO
3987.png,07_ADIPOSE
3988.png,01_TUMOR
3989.png,03_COMPLEX
3990.png,06_MUCOSA
3991.png,05_DEBRIS
3992.png,05_DEBRIS
3993.png,08_EMPTY
3994.png,05_DEBRIS
3995.png,08_EMPTY
3996.png,06_MUCOSA
3997.png,02_STROMA
3998.png,03_COMPLEX
3999.png,02_STROMA
4000.png,05_DEBRIS
4001.png,05_DEBRIS
4002.png,03_COMPLEX
4003.png,08_EMPTY
4004.png,03_COMPLEX
4005.png,02_STROMA
4006.png,02_STROMA
4007.png,08_EMPTY
4008.png,05_DEBRIS
4009.png,06_MUCOSA
4010.png,07_ADIPOSE
4011.png,03_COMPLEX
4012.png,05_DEBRIS
4013.png,06_MUCOSA
4014.png,04_LYMPHO
4015.png,04_LYMPHO
4016.png,05_DEBRIS
4017.png,06_MUCOSA
4018.png,07_ADIPOSE
4019.png,04_LYMPHO
4020.png,07_ADIPOSE
4021.png,02_STROMA
4022.png,08_EMPTY
4023.png,04_LYMPHO
4024.png,06_MUCOSA
4025.png,07_ADIPOSE
4026.png,04_LYMPHO
4027.png,01_TUMOR
4028.png,06_MUCOSA
4029.png,07_ADIPOSE
4030.png,06_MUCOSA
4031.png,03_COMPLEX
4032.png,05_DEBRIS
4033.png,06_MUCOSA
4034.png,03_COMPLEX
4035.png,02_STROMA
4036.png,05_DEBRIS
4037.png,05_DEBRIS
4038.png,01_TUMOR
4039.png,01_TUMOR
4040.png,06_MUCOSA
4041.png,01_TUMOR
4042.png,05_DEBRIS
4043.png,08_EMPTY
4044.png,02_STROMA
4045.png,07_ADIPOSE
4046.png,08_EMPTY
4047.png,05_DEBRIS
4048.png,02_STROMA
4049.png,02_STROMA
4050.png,03_COMPLEX
4051.png,08_EMPTY
4052.png,03_COMPLEX
4053.png,02_STROMA
4054.png,08_EMPTY
4055.png,04_LYMPHO
4056.png,07_ADIPOSE
4057.png,02_STROMA
4058.png,07_ADIPOSE
4059.png,01_TUMOR
4060.png,06_MUCOSA
4061.png,05_DEBRIS
4062.png,02_STROMA
4063.png,04_LYMPHO
4064.png,04_LYMPHO
4065.png,05_DEBRIS
4066.png,04_LYMPHO
4067.png,05_DEBRIS
4068.png,02_STROMA
4069.png,03_COMPLEX
4070.png,07_ADIPOSE
4071.png,01_TUMOR
4072.png,04_LYMPHO
4073.png,06_MUCOSA
4074.png,07_ADIPOSE
4075.png,04_LYMPHO
4076.png,02_STROMA
4077.png,07_ADIPOSE
4078.png,07_ADIPOSE
4079.png,01_TUMOR
4080.png,01_TUMOR
4081.png,05_DEBRIS
4082.png,08_EMPTY
4083.png,08_EMPTY
4084.png,07_ADIPOSE
4085.png,04_LYMPHO
4086.png,05_DEBRIS
4087.png,06_MUCOSA
4088.png,03_COMPLEX
4089.png,03_COMPLEX
4090.png,02_STROMA
4091.png,01_TUMOR
4092.png,08_EMPTY
4093.png,01_TUMOR
4094.png,05_DEBRIS
4095.png,06_MUCOSA
4096.png,02_STROMA
4097.png,05_DEBRIS
4098.png,04_LYMPHO
4099.png,04_LYMPHO
4100.png,06_MUCOSA
4101.png,06_MUCOSA
4102.png,07_ADIPOSE
4103.png,08_EMPTY
4104.png,08_EMPTY
4105.png,02_STROMA
4106.png,01_TUMOR
4107.png,02_STROMA
4108.png,05_DEBRIS
4109.png,03_COMPLEX
4110.png,03_COMPLEX
4111.png,01_TUMOR
4112.png,04_LYMPHO
4113.png,06_MUCOSA
4114.png,07_ADIPOSE
4115.png,05_DEBRIS
4116.png,02_STROMA
4117.png,01_TUMOR
4118.png,01_TUMOR
4119.png,06_MUCOSA
4120.png,07_ADIPOSE
4121.png,05_DEBRIS
4122.png,08_EMPTY
4123.png,01_TUMOR
4124.png,01_TUMOR
4125.png,02_STROMA
4126.png,02_STROMA
4127.png,06_MUCOSA
4128.png,04_LYMPHO
4129.png,01_TUMOR
4130.png,01_TUMOR
4131.png,02_STROMA
4132.png,03_COMPLEX
4133.png,05_DEBRIS
4134.png,08_EMPTY
4135.png,01_TUMOR
4136.png,08_EMPTY
4137.png,05_DEBRIS
4138.png,08_EMPTY
4139.png,04_LYMPHO
4140.png,04_LYMPHO
4141.png,04_LYMPHO
4142.png,06_MUCOSA
4143.png,04_LYMPHO
4144.png,08_EMPTY
4145.png,02_STROMA
4146.png,08_EMPTY
4147.png,05_DEBRIS
4148.png,02_STROMA
4149.png,08_EMPTY
4150.png,01_TUMOR
4151.png,01_TUMOR
4152.png,01_TUMOR
4153.png,04_LYMPHO
4154.png,07_ADIPOSE
4155.png,07_ADIPOSE
4156.png,01_TUMOR
4157.png,05_DEBRIS
4158.png,04_LYMPHO
4159.png,06_MUCOSA
4160.png,03_COMPLEX
4161.png,05_DEBRIS
4162.png,05_DEBRIS
4163.png,04_LYMPHO
4164.png,01_TUMOR
4165.png,07_ADIPOSE
4166.png,06_MUCOSA
4167.png,03_COMPLEX
4168.png,08_EMPTY
4169.png,02_STROMA
4170.png,04_LYMPHO
4171.png,06_MUCOSA
4172.png,01_TUMOR
4173.png,04_LYMPHO
4174.png,04_LYMPHO
4175.png,04_LYMPHO
4176.png,04_LYMPHO
4177.png,01_TUMOR
4178.png,04_LYMPHO
4179.png,02_STROMA
4180.png,02_STROMA
4181.png,01_TUMOR
4182.png,06_MUCOSA
4183.png,07_ADIPOSE
4184.png,07_ADIPOSE
4185.png,04_LYMPHO
4186.png,06_MUCOSA
4187.png,06_MUCOSA
4188.png,07_ADIPOSE
4189.png,07_ADIPOSE
4190.png,04_LYMPHO
4191.png,08_EMPTY
4192.png,06_MUCOSA
4193.png,03_COMPLEX
4194.png,06_MUCOSA
4195.png,06_MUCOSA
4196.png,05_DEBRIS
4197.png,01_TUMOR
4198.png,05_DEBRIS
4199.png,05_DEBRIS
4200.png,07_ADIPOSE
4201.png,07_ADIPOSE
4202.png,01_TUMOR
4203.png,05_DEBRIS
4204.png,03_COMPLEX
4205.png,03_COMPLEX
4206.png,03_COMPLEX
4207.png,04_LYMPHO
4208.png,08_EMPTY
4209.png,08_EMPTY
4210.png,05_DEBRIS
4211.png,08_EMPTY
4212.png,08_EMPTY
4213.png,02_STROMA
4214.png,05_DEBRIS
4215.png,03_COMPLEX
4216.png,03_COMPLEX
4217.png,03_COMPLEX
4218.png,03_COMPLEX
4219.png,03_COMPLEX
4220.png,01_TUMOR
4221.png,01_TUMOR
4222.png,03_COMPLEX
4223.png,01_TUMOR
4224.png,04_LYMPHO
4225.png,02_STROMA
4226.png,08_EMPTY
4227.png,05_DEBRIS
4228.png,06_MUCOSA
4229.png,07_ADIPOSE
4230.png,04_LYMPHO
4231.png,07_ADIPOSE
4232.png,04_LYMPHO
4233.png,08_EMPTY
4234.png,04_LYMPHO
4235.png,07_ADIPOSE
4236.png,07_ADIPOSE
4237.png,02_STROMA
4238.png,01_TUMOR
4239.png,07_ADIPOSE
4240.png,08_EMPTY
4241.png,05_DEBRIS
4242.png,08_EMPTY
4243.png,07_ADIPOSE
4244.png,01_TUMOR
4245.png,04_LYMPHO
4246.png,05_DEBRIS
4247.png,05_DEBRIS
4248.png,01_TUMOR
4249.png,01_TUMOR
4250.png,03_COMPLEX
4251.png,05_DEBRIS
4252.png,08_EMPTY
4253.png,07_ADIPOSE
4254.png,01_TUMOR
4255.png,04_LYMPHO
4256.png,02_STROMA
4257.png,01_TUMOR
4258.png,08_EMPTY
4259.png,08_EMPTY
4260.png,07_ADIPOSE
4261.png,07_ADIPOSE
4262.png,07_ADIPOSE
4263.png,01_TUMOR
4264.png,06_MUCOSA
4265.png,07_ADIPOSE
4266.png,02_STROMA
4267.png,02_STROMA
4268.png,06_MUCOSA
4269.png,05_DEBRIS
4270.png,01_TUMOR
4271.png,02_STROMA
4272.png,01_TUMOR
4273.png,05_DEBRIS
4274.png,04_LYMPHO
4275.png,03_COMPLEX
4276.png,01_TUMOR
4277.png,06_MUCOSA
4278.png,07_ADIPOSE
4279.png,04_LYMPHO
4280.png,06_MUCOSA
4281.png,05_DEBRIS
4282.png,04_LYMPHO
4283.png,05_DEBRIS
4284.png,08_EMPTY
4285.png,04_LYMPHO
4286.png,08_EMPTY
4287.png,06_MUCOSA
4288.png,03_COMPLEX
4289.png,08_EMPTY
4290.png,02_STROMA
4291.png,04_LYMPHO
4292.png,04_LYMPHO
4293.png,01_TUMOR
4294.png,03_COMPLEX
4295.png,01_TUMOR
4296.png,08_EMPTY
4297.png,04_LYMPHO
4298.png,05_DEBRIS
4299.png,06_MUCOSA
4300.png,06_MUCOSA
4301.png,03_COMPLEX
4302.png,01_TUMOR
4303.png,08_EMPTY
4304.png,03_COMPLEX
4305.png,03_COMPLEX
4306.png,03_COMPLEX
4307.png,07_ADIPOSE
4308.png,05_DEBRIS
4309.png,08_EMPTY
4310.png,08_EMPTY
4311.png,03_COMPLEX
4312.png,04_LYMPHO
4313.png,03_COMPLEX
4314.png,05_DEBRIS
4315.png,02_STROMA
4316.png,06_MUCOSA
4317.png,02_STROMA
4318.png,08_EMPTY
4319.png,07_ADIPOSE
4320.png,08_EMPTY
4321.png,01_TUMOR
4322.png,05_DEBRIS
4323.png,07_ADIPOSE
4324.png,07_ADIPOSE
4325.png,04_LYMPHO
4326.png,04_LYMPHO
4327.png,01_TUMOR
4328.png,08_EMPTY
4329.png,08_EMPTY
4330.png,06_MUCOSA
4331.png,01_TUMOR
4332.png,02_STROMA
4333.png,07_ADIPOSE
4334.png,01_TUMOR
4335.png,07_ADIPOSE
4336.png,03_COMPLEX
4337.png,04_LYMPHO
4338.png,07_ADIPOSE
4339.png,04_LYMPHO
4340.png,01_TUMOR
4341.png,06_MUCOSA
4342.png,01_TUMOR
4343.png,04_LYMPHO
4344.png,03_COMPLEX
4345.png,06_MUCOSA
4346.png,01_TUMOR
4347.png,06_MUCOSA
4348.png,06_MUCOSA
4349.png,04_LYMPHO
4350.png,07_ADIPOSE
4351.png,02_STROMA
4352.png,04_LYMPHO
4353.png,02_STROMA
4354.png,03_COMPLEX
4355.png,01_TUMOR
4356.png,06_MUCOSA
4357.png,02_STROMA
4358.png,06_MUCOSA
4359.png,08_EMPTY
4360.png,07_ADIPOSE
4361.png,08_EMPTY
4362.png,08_EMPTY
4363.png,05_DEBRIS
4364.png,02_STROMA
4365.png,07_ADIPOSE
4366.png,04_LYMPHO
4367.png,07_ADIPOSE
4368.png,07_ADIPOSE
4369.png,03_COMPLEX
4370.png,06_MUCOSA
4371.png,04_LYMPHO
4372.png,07_ADIPOSE
4373.png,04_LYMPHO
4374.png,07_ADIPOSE
4375.png,01_TUMOR
4376.png,06_MUCOSA
4377.png,02_STROMA
4378.png,07_ADIPOSE
4379.png,05_DEBRIS
4380.png,02_STROMA
4381.png,05_DEBRIS
4382.png,01_TUMOR
4383.png,02_STROMA
4384.png,08_EMPTY
4385.png,02_STROMA
4386.png,04_LYMPHO
4387.png,08_EMPTY
4388.png,02_STROMA
4389.png,04_LYMPHO
4390.png,01_TUMOR
4391.png,08_EMPTY
4392.png,01_TUMOR
4393.png,01_TUMOR
4394.png,08_EMPTY
4395.png,05_DEBRIS
4396.png,08_EMPTY
4397.png,04_LYMPHO
4398.png,07_ADIPOSE
4399.png,02_STROMA
4400.png,02_STROMA
4401.png,05_DEBRIS
4402.png,01_TUMOR
4403.png,05_DEBRIS
4404.png,01_TUMOR
4405.png,03_COMPLEX
4406.png,08_EMPTY
4407.png,03_COMPLEX
4408.png,03_COMPLEX
4409.png,06_MUCOSA
4410.png,07_ADIPOSE
4411.png,04_LYMPHO
4412.png,05_DEBRIS
4413.png,04_LYMPHO
4414.png,03_COMPLEX
4415.png,06_MUCOSA
4416.png,07_ADIPOSE
4417.png,06_MUCOSA
4418.png,02_STROMA
4419.png,06_MUCOSA
4420.png,06_MUCOSA
4421.png,06_MUCOSA
4422.png,08_EMPTY
4423.png,06_MUCOSA
4424.png,06_MUCOSA
4425.png,03_COMPLEX
4426.png,03_COMPLEX
4427.png,07_ADIPOSE
4428.png,08_EMPTY
4429.png,08_EMPTY
4430.png,04_LYMPHO
4431.png,03_COMPLEX
4432.png,04_LYMPHO
4433.png,06_MUCOSA
4434.png,02_STROMA
4435.png,04_LYMPHO
4436.png,02_STROMA
4437.png,08_EMPTY
4438.png,04_LYMPHO
4439.png,03_COMPLEX
4440.png,08_EMPTY
4441.png,04_LYMPHO
4442.png,02_STROMA
4443.png,02_STROMA
4444.png,05_DEBRIS
4445.png,04_LYMPHO
4446.png,08_EMPTY
4447.png,07_ADIPOSE
4448.png,07_ADIPOSE
4449.png,04_LYMPHO
4450.png,05_DEBRIS
4451.png,08_EMPTY
4452.png,04_LYMPHO
4453.png,03_COMPLEX
4454.png,07_ADIPOSE
4455.png,04_LYMPHO
4456.png,08_EMPTY
4457.png,04_LYMPHO
4458.png,05_DEBRIS
4459.png,07_ADIPOSE
4460.png,02_STROMA
4461.png,08_EMPTY
4462.png,07_ADIPOSE
4463.png,05_DEBRIS
4464.png,04_LYMPHO
4465.png,04_LYMPHO
4466.png,03_COMPLEX
4467.png,02_STROMA
4468.png,08_EMPTY
4469.png,01_TUMOR
4470.png,02_STROMA
4471.png,08_EMPTY
4472.png,06_MUCOSA
4473.png,05_DEBRIS
4474.png,05_DEBRIS
4475.png,06_MUCOSA
4476.png,06_MUCOSA
4477.png,02_STROMA
4478.png,08_EMPTY
4479.png,06_MUCOSA
4480.png,08_EMPTY
4481.png,04_LYMPHO
4482.png,02_STROMA
4483.png,07_ADIPOSE
4484.png,05_DEBRIS
4485.png,07_ADIPOSE
4486.png,04_LYMPHO
4487.png,06_MUCOSA
4488.png,08_EMPTY
4489.png,07_ADIPOSE
4490.png,05_DEBRIS
4491.png,08_EMPTY
4492.png,08_EMPTY
4493.png,07_ADIPOSE
4494.png,01_TUMOR
4495.png,08_EMPTY
4496.png,08_EMPTY
4497.png,06_MUCOSA
4498.png,04_LYMPHO
4499.png,07_ADIPOSE
